1,Big Bird,Sesame Street,Fakeville,12345
2,Tina Edwards,24287 Walker Knoll Apt. 183,New Christopher,19227
3,Amber Chavez,4571 Robin Summit Apt. 434,North Michael,10140
4,Lisa Villegas,6377 Marissa Ridge,South Jill,88701
5,Lance Garcia,129 Judy Ford,Amberton,99389
6,Gabriella Shah,71290 Travis Manor,Holmesside,97470
7,Rebecca Gregory,40938 Cristian Lane,Reyesburgh,80244
8,Zachary Wallace,95791 Justin Walk,South Cassieland,38044
9,Mark Hamilton,46242 Young Extension,East William,26079
10,Cheryl Le,07218 Joshua Square,East Shelby,45587
11,William Jensen,382 Mary Vista,Catherinetown,78671
12,Tina Barber,35165 Mcclain Lakes,South Jamestown,54871
13,Lacey Anderson,804 Lisa Valley Suite 744,Parkerland,09495
14,Tyler Hall,713 Patterson Turnpike,Port Samanthahaven,36811
15,Christopher May,6433 Tiffany Shoal Suite 475,Paulmouth,10626
16,Todd Ruiz,25574 Nelson Villages,Jonesfort,25497
17,Virginia Livingston,0954 Danielle Junctions,Patrickview,59902
18,Larry Parker III,083 Amanda Overpass Apt. 575,Robertborough,30215
19,Diana Baker,74043 Gutierrez Garden Apt. 642,Dudleyville,24340
20,Maria Hawkins,700 Heather Walks,Amberville,02740
21,Patrick Miranda,587 Denise Shoals Suite 871,East John,59124
22,Denise Roy DVM,3899 Kimberly Glen,West Adam,61484
23,Pamela Li,8045 Lawrence Stravenue Suite 150,Janetview,50332
24,Lisa Mosley DDS,040 Gonzales Corner,North Samanthaport,69103
25,Matthew Simmons,23638 David Place Suite 156,Port Keith,12012
26,Danielle Mclaughlin,0955 White Rapid Apt. 791,Osbornehaven,85307
27,Julia Gonzales,713 Marcus Cliff,Jacksonville,25741
28,Joseph Russell,328 Bryan Course,Beckyfurt,73567
29,Michael Hodge DVM,2227 Christopher Stream Apt. 831,West Timothystad,24054
30,Mary Anderson,9259 White Stravenue,West Janiceborough,63796
31,Victor Higgins,30931 Bates Mountain Suite 654,Richardshire,99277
32,William Andrade,5720 Holt Road,Dixonburgh,88131
33,Tiffany Moore,6646 Amy Walks Suite 554,Normanside,11199
34,Laurie Johnson,707 Sullivan Place Suite 566,Port Morgan,34689
35,James Mullins,15845 Amy Stream Apt. 942,Sandersburgh,79825
36,Dr. Alexander Vang DDS,78266 Stephanie Radial Suite 291,Rodriguezburgh,53718
37,Rachel Dodson,63194 Monica Valleys,East Catherine,35238
38,Sarah Fisher,627 Anderson Row,East Kendraville,18980
39,Megan Davis,915 Ortiz Flats,Maciasland,42640
40,Diana Austin,602 Heather Gateway Suite 909,Leslieborough,53946
41,Monique Gonzalez,56387 Jean Ridges,Brianfurt,54491
42,Jerome Perez,244 James Ports,Johntown,08512
43,Jacqueline Howell,0371 Jessica Freeway,Millerview,86994
44,Nicholas Robinson,684 Bryant Extensions,Port Kellishire,25641
45,Andrew Schneider,222 Martin Island,East Ashley,10396
46,Kristy Jones,01508 Martin Gateway,New Stephenburgh,56381
47,Olivia Andrews,310 Webb Keys Apt. 051,Andrewsstad,47067
48,Sarah Sanders,119 Long Forest,Wongborough,11442
49,Thomas Murray,978 Barrett Ford Apt. 118,Timothymouth,34156
50,Tina Taylor,6956 Todd Views,Port Briannaberg,04071
51,Raymond Miller,940 Castro Trail,South Heather,55378
52,April Vasquez,154 James Coves,Heatherside,47265
53,Christopher Yang,9289 Brittany Valley Apt. 914,New Ashleyland,69640
54,Steven Davenport,048 Tina Creek,East Nancy,15145
55,Melvin Reynolds,33826 Cole Club Apt. 885,South Morgan,96317
56,Angela Norman,4508 Herman Cape,Robinsonfort,06796
57,Vincent Ellis,75372 Allen Landing Suite 521,Mcdanielfurt,34091
58,Edward Shannon II,398 Lindsey Court,North Melissa,43860
59,Barbara White,1313 Caitlin Circles Apt. 982,Port David,70627
60,Jennifer Gould,5107 Bryant Trafficway Apt. 653,New Cynthia,84870
61,Steven Allen,78843 Aguilar Trafficway Apt. 573,Spencerport,59593
62,Joseph Gutierrez,9976 Miller Villages,Riosmouth,54958
63,Thomas Kennedy,836 Christopher Light Suite 261,East Joshuahaven,84453
64,Phillip Sanchez,0223 Kelli Curve,Danielville,69708
65,Ryan Byrd,390 Liu Mission Apt. 414,West Christopher,21201
66,Anne Anderson,7340 David Falls,Williamberg,30267
67,Michael Williams,387 Yang Street Suite 591,Bondville,30581
68,David Owens,63444 Katherine Oval,Lake Jonathantown,33763
69,Savannah Evans,7366 Garcia Crossroad Apt. 991,New Thomasmouth,68832
70,Gregory Smith,3957 Paige Rue Suite 182,Smithville,14394
71,Lisa Shaw,43910 Joseph Manors Apt. 321,South Danielhaven,89527
72,Chad Palmer,9195 Howard Springs,West Ryan,24625
73,Allison Miller,6983 Amy Coves,South Melanie,20849
74,Oscar Evans,801 Edwards Bridge,Frazierland,86741
75,Amber Baker,7350 Henry Crest,Jonathantown,51087
76,Joshua Hansen,429 Morrison Place,Wallacefort,43750
77,Peter Campos,66351 Torres Vista Suite 074,North Aprilfurt,10061
78,Amanda Oconnor,09196 Smith Radial Apt. 389,North John,69156
79,Michael Vang,91168 Conrad Square,Stevensland,34052
80,Jamie Gilbert,52222 Miller Fork Suite 058,West Mary,54842
81,Donald Stanley,002 Robinson Burgs,Stephenbury,06597
82,Brittney Lynch,6284 Maria Fords Suite 366,East Stacy,11622
83,David Barton,83723 Taylor Forest,Lake Daniel,98835
84,Elizabeth Rodriguez,103 Albert Summit,West Debbieville,85660
85,Cody Golden,153 Michael Shoals,New Brian,45299
86,Charles Richmond,4070 Shelton Brooks,South Frankland,42015
87,Kelly Lamb,42733 Allison Bridge,Amandaberg,86952
88,Candice Henry,252 Frost Mission Suite 424,New Austinchester,76731
89,Tammy Thompson,6553 Amanda Road,Brianfort,95221
90,Brian Wiggins,86771 Davis Mountain Apt. 340,Holtmouth,92227
91,Lori Richard,92954 Sellers Corner Suite 028,Port Aliciastad,28353
92,Michael Evans,228 Melissa Centers,Lake Lindsey,08805
93,Gina Brown,132 Amy Court,East Lisa,33503
94,Jeremy Church,62470 Thomas Run,Christineshire,08391
95,Amanda Mullins DVM,40509 Leach Mountain Suite 738,Ortizberg,03559
96,Janice Evans,89676 Jordan Motorway Suite 019,West David,70289
97,James Thornton,595 Harris Path Suite 479,Hollyside,66937
98,Nicole Craig,3536 Wood Mill Suite 007,West James,78932
99,Jason West,03161 Nunez Vista,Leahburgh,76842
100,Julie Holland,17899 Warren Divide Apt. 984,Lake Michaelberg,62464
101,Julia Marsh,630 Christina Rapid Apt. 655,West Dale,64298
102,Leslie Underwood,46510 Robin Underpass,Christopherport,18746
103,Victor Fowler,866 Payne Roads Suite 994,Jarviston,42683
104,Robert Mcknight,84565 Robinson Summit,Wilsonside,16162
105,Edward Sullivan,44061 Douglas Court Apt. 615,Stuartborough,59135
106,Aaron Torres,2356 Johnny Dale,Port Timothyshire,67095
107,George Scott,98918 Garner Squares Suite 721,Jeffreyburgh,20978
108,Kathleen Mason,103 Love Cliff Apt. 714,Christopherport,45133
109,Michael Smith,97120 Scott Knolls Apt. 536,New Jill,72857
110,Nicole Ross,49285 Lee Pass Suite 932,Davistown,54897
111,Christopher Smith,613 William Island Apt. 386,North Bethbury,18272
112,Scott Morgan,1293 Rodriguez Manors,Port Michael,49327
113,Gregory Powell,4818 Ethan Lock Apt. 169,North Christine,57388
114,Keith Taylor,326 Karen Rest Apt. 346,East Juliemouth,15577
115,Jessica Bautista,308 Lyons Points Suite 704,Lake Markstad,98183
116,James Gates,4207 Eddie Roads Suite 905,South Robert,42272
117,James Rodriguez,665 Johnson Cliffs Apt. 936,North Colin,38383
118,Christina Gonzalez,42747 Virginia Radial Suite 642,Wendyville,60898
119,Christopher Butler,8989 Sue Corner,Walshville,59194
120,Alyssa James,7531 Russell Roads Suite 517,Cassidyview,68442
121,Mr. Joseph Cooper,3151 Bryant Unions,North Shawnland,33213
122,Shaun Smith,5824 Hoffman Prairie,North John,37255
123,Susan Hernandez,498 Combs Lock Suite 641,West Edward,01991
124,Eric Roth,4596 Matthew Overpass,Aprilbury,82006
125,Shirley Parks,771 Corey Wall,Stevenville,02521
126,Johnny Fletcher,6776 Monica Dam,Amandaview,44861
127,Daniel Barber,24109 Vasquez Camp Apt. 839,Michaelport,19996
128,Meagan Martin,30829 Ashley Road,Roymouth,60910
129,Ashley Aguilar,03723 Frye Dam Suite 970,East Melanieville,11708
130,Mary Anderson,138 Michael Court Suite 295,North Casey,70161
131,Dr. Kathryn Miller,767 Robert Hollow,Johnton,06708
132,Mrs. Stacy Lambert,7665 Mary Village Apt. 423,Port Mariaside,01695
133,Daniel Carr,750 Chelsey Land,Perkinsborough,08471
134,Jack Perez,6341 Grace Forest,North Jameshaven,07830
135,Amber Jones,48922 Amy Pike Suite 294,Wilsonside,07919
136,Mary Burke,40938 Fowler Cliffs Apt. 973,Lake Alexanderberg,50652
137,Ashley Murphy,332 Chapman Loaf,Smithchester,11837
138,John Lambert,933 Chelsea Courts Suite 500,Thomasburgh,05679
139,April Long,796 Crystal Meadow Apt. 892,Port Kimberlyshire,81991
140,Jason Gutierrez,30367 Anderson Circles,Amandafort,55108
141,William Caldwell,1343 Wilson Road,Marcusborough,09311
142,Brian Mays,37577 Jeremy Garden,West Matthewmouth,26859
143,Bernard Pittman,30853 Travis Junction,North John,24292
144,Brianna Robertson,09806 Nichols Fork Suite 531,Christytown,12442
145,Sara Herrera,6874 Gonzalez Pines,Port Lauren,61004
146,Jordan Phillips,3214 Brooks Ramp,Rickfurt,76312
147,Juan Sweeney,8031 Ruben Lane,Lake Jesusfurt,69203
148,Jenny Riley MD,8987 Angela Mall Apt. 069,Port Michaelhaven,34824
149,Jennifer Patel,13832 Sheppard Coves Apt. 295,West Elizabethton,30987
150,Brandy Wells,2228 Bryan Run Suite 984,East Dianastad,02304
151,Carl Rivera,38824 Christian Valleys,East Tamaramouth,18615
152,Karen Collins,45434 Darrell Isle,North Charles,60556
153,Brian Williams,872 John Place,New Michelebury,66764
154,Jennifer Hamilton,991 Martinez Passage,New Louis,53184
155,Thomas Jackson,2112 James Plaza,Whitechester,00614
156,Michael Lloyd,2278 Molly Drives Apt. 692,West Brandon,76083
157,Richard Harrington,084 Wright Orchard,New Michaelstad,83551
158,Frank Pugh,7682 Sutton Street,South Brian,20522
159,Monique Contreras,8330 Lewis Shore,Watsonfurt,67470
160,Peter Fuentes,849 Castillo Way Suite 754,Lake Vanessa,44883
161,Donald Cox,4636 Smith Passage,New Jonathan,77994
162,Calvin Martinez,04063 Kimberly Junction Suite 028,Melissatown,75348
163,Shannon Johnson,80466 Isaac Loaf,Jacobsshire,47250
164,Jack Cannon DDS,60238 Manuel Place,Billymouth,72632
165,Richard Palmer,1127 Taylor Parkways,West Kayla,66654
166,Zoe Vance,75332 Mcconnell Locks,Thomasfurt,68365
167,Anna Sanders,3683 Timothy Extensions Suite 085,Timothyport,88286
168,Michael Fields,47230 Steven Loop,Michaelside,84255
169,Nicole Ramos,403 Page Inlet,Port Emma,53209
170,Pamela Garcia,429 Randy Rue,Bakerborough,94060
171,Amanda Duffy,490 Alyssa Oval,Port Kimberlyton,18246
172,Nicholas Juarez,03900 Christy Harbors,Baileyview,83859
173,Kathleen Murray,58538 Soto Fords,North Robinport,37584
174,Maria Ewing,5139 Megan Landing Apt. 032,Port Marc,47990
175,Sean Jones,2002 Reyes Fields,Jeremybury,83378
176,Jim Scott,72060 Jenkins View,Hannahmouth,56505
177,Patricia Boyd,195 Sherry Loop Apt. 022,Jenkinsville,68933
178,Audrey Brown,365 Mary Shore Apt. 878,Geraldmouth,84226
179,Cody Adams,6919 Pearson Route,Porterhaven,71501
180,Andrew Williams,675 Christopher Village,Sarahberg,11657
181,Robert Knox,6663 White Square Suite 340,Johnsonchester,30039
182,Susan Young,344 Donaldson Green Suite 451,East Jessicatown,54101
183,Robert Graves,6646 Taylor Road Suite 150,Russellfort,50806
184,Krystal Moreno,913 Morrison Landing,North Amychester,42252
185,Scott Howard,387 Murray Ford,Perezborough,81984
186,Jason Francis,7302 Paul Locks,Port Pamelamouth,24851
187,Angela Williams,88115 Benjamin Lakes Suite 755,Samanthaborough,57653
188,Daniel Bowers,806 Thompson Inlet Apt. 906,Richardsonport,70972
189,Scott Cooper,31188 Andrew Club,Christopherburgh,84625
190,Debra Mann,1524 Paul Plains,Lake Jennifer,99199
191,Tiffany Alvarado,54580 Vargas Estate,West Loganstad,93954
192,Angela Woods,448 Robert Gateway Suite 276,New Jonathon,32744
193,Stephen Cook,5174 Keith Lake,Berryshire,97758
194,Stephen Ward,8076 Hudson View,New Sarahview,38594
195,Henry Bowen,258 Michael Walk,Ayalashire,64041
196,Penny Jackson,96421 Kathleen Center Apt. 790,Markmouth,95157
197,Sandra Gutierrez,157 Rodriguez Shoal,West Sylvia,27414
198,Jason Diaz,3005 Joshua Spur Suite 069,East Williamburgh,27041
199,Jessica Cook,2871 Elizabeth Drive,Taylorview,99725
200,Karen Drake,9540 Charles Wall Suite 395,Craigmouth,49442
201,Crystal Hartman,6629 Garza Branch Apt. 197,Sloanview,89093
202,Elizabeth Jones,0627 Bailey Haven,Port Anneview,02064
203,Amber Montgomery,1385 Mason Lane Suite 582,East Michael,64717
204,Samantha Williamson,5657 Sanchez Meadow,South Alex,18764
205,Claudia Diaz,2195 John Courts,Amyland,15400
206,Ashley Neal,220 Reyes Corners,Douglasmouth,12719
207,Krista Kim,63070 Krystal Points Apt. 360,North Alan,91873
208,William Hardy,278 Nicholas Extension Suite 000,South Williamburgh,24242
209,Christopher Christian,316 Teresa Gardens,Thomasbury,95656
210,Shannon Maddox,44435 Crystal Mountain,Vegashire,11507
211,Andrew Anderson IV,8929 Riggs Dale,South Christineport,93509
212,Aaron Shaw,1396 Barker Keys Suite 242,East Kennethmouth,92076
213,Stephanie Weeks,5325 Tammy Ramp Suite 191,Lake Darrellhaven,06149
214,Shelley Walsh,522 Shields Extensions Suite 592,Heathmouth,82168
215,Wendy Lane,715 Horne Ports,Maymouth,64031
216,Jeffrey Sims,1803 Samuel Hollow,Lanemouth,96254
217,Michelle Adams,21556 Elizabeth Overpass,South Timothyborough,09649
218,Levi Chambers,829 Silva Point Apt. 537,Gregorybury,37990
219,Angela Simmons,13299 Sophia Road Apt. 623,West Brandonburgh,87878
220,Ronald Martinez,39482 Aaron Spring,Kathrynside,53336
221,Brian Wagner,6962 Tiffany Lane Apt. 940,New Jennifer,56465
222,Whitney Lewis,8022 Patricia Road Apt. 294,Codyport,25391
223,Melissa Lopez,01293 Nicholas Plaza,Lake Jennifermouth,50064
224,Mary Christensen,1100 Reyes Valleys,Krausehaven,40990
225,Selena Jones,8142 Woods Ridges,Ellisport,34814
226,Melissa Johnson,5902 Nicholas Camp Apt. 289,New David,73397
227,Patrick Brown,1044 Gallagher Forest Suite 377,Lewisview,48718
228,Michael Tucker,3568 Lopez Springs,New Julie,76872
229,Barbara Green,7402 Beth Course,South Jeffery,61118
230,Terrence Gomez,11250 Sandoval Garden,Jacksonbury,95101
231,Tyler Hernandez,277 Wilkerson Street Apt. 909,West Annland,65746
232,John Johnson,039 Ana Plains,Soniaton,35393
233,Charles Williams,42913 Tate Loaf Suite 876,Royland,46815
234,Mr. Richard Melendez,82556 Day Ville,Jamesland,20024
235,Micheal Harvey,3789 Mallory Row Apt. 872,Chasemouth,83436
236,Anthony Nelson,4161 Kim Falls Apt. 248,Wilsonside,11911
237,Ariel Goodman,789 White Green Apt. 724,Matthewhaven,74214
238,Kimberly Boyer,3514 Smith Shores Suite 333,West Karlchester,56792
239,James Williams,57992 Hall Fort,West Melissa,77118
240,Elizabeth Shelton,81434 Fox Prairie,Stuartfort,19739
241,Kelsey Chapman,55027 Lewis Plaza Suite 532,New James,03102
242,Lisa Chavez,752 Morris Forest Suite 016,Lake Williamview,31386
243,Jillian Robinson,735 Evan Port,West Frank,92483
244,Jason Navarro,095 Cunningham Extension,Lake Jonathan,73218
245,David Ballard,563 Sharon Walk,North Carrietown,51983
246,Mathew Mejia,067 Julie Viaduct,Lake Rachel,71773
247,Jennifer Webb,34258 Kelley Mountain,Mariastad,82589
248,Peter Wilson,410 Clark Run,Kaneborough,11185
249,Cynthia Cervantes,79553 Jones Bridge,South Troyport,60826
250,Heather Hughes,81143 Pena Prairie Suite 546,Gabrielaside,19550
251,Keith Harrington,298 Dalton Haven,Port Caroline,06071
252,Peter Calhoun,07694 Williams Haven Apt. 129,South Jonathan,94166
253,Katherine Huber,718 Diaz Neck Suite 286,East Jessica,87839
254,Joseph Barnett,32608 Walter Springs,North Ericview,40610
255,Kim Zavala,05993 Hodges Dam,Davisside,63808
256,Tanya Brennan,95899 James Burgs Suite 551,Brownland,86903
257,Randall Holt,05291 Eric Hill Suite 989,Amberton,94749
258,Henry Brown,4641 Karen Heights Suite 334,Lake Aaronport,00897
259,Amanda Leblanc,7286 Michael Place Apt. 363,Keithhaven,54261
260,Mike Sawyer,569 Davis Extension Apt. 596,Jenniferstad,13617
261,Jake Garcia,1073 Danielle Well,South Elizabeth,83200
262,Dale Floyd,10580 Jose Ridge Apt. 525,Robertview,47329
263,Heather Howard,3403 Phillip Circle,South Richard,96805
264,Jeffery Aguilar,69243 Martin Groves,Haasbury,12606
265,Justin Barton,5899 Williams Square,Port Troy,75820
266,Ashley Bond,797 Brown Station Suite 508,Gonzalezside,46329
267,Alicia Davis,71610 Julia Squares,Howellfort,33674
268,Nicole Peterson,10462 Lopez Brooks,Carterton,68500
269,Alicia Nelson,3088 Walton Rapids,North Tammy,55660
270,Hector Adams,9401 Reed Lodge Apt. 136,South Jason,82375
271,Ryan Munoz,501 Hickman Locks Suite 178,East Jose,57359
272,Shawn Obrien,188 Williamson Isle,Lake Austinton,39279
273,Kathleen Wise,338 Kenneth Ford Apt. 276,West Laurenfurt,29631
274,Samantha Hobbs,07796 Booker Junctions Suite 852,Danabury,40779
275,Lynn Hawkins,4265 Lynch Fork Apt. 460,Davidberg,07899
276,Emma Bryan,78823 Ortiz Meadow Suite 636,East Hannah,07449
277,Alexandra Horn,9086 Mendoza Greens Apt. 456,Port Richard,93125
278,Raymond Lee,75552 Cross Mission,New Thomasborough,41922
279,Julian Brown,8770 Cochran Underpass Suite 210,New Charlenefurt,82375
280,Nancy Welch,9361 Adams Well,Port Amber,37898
281,Angela Cantrell,6901 Michael Shoals,Samanthaton,40307
282,Edward Aguirre,658 Torres Lock,Port Carolynbury,10545
283,Pamela Cruz,566 Brooks Crossroad,Lake Lawrencemouth,36861
284,Brandon Mejia,0017 Erin Forks,Jamesside,78937
285,Kenneth Morris,87581 Watson Gateway Suite 338,East Bethmouth,87134
286,Meagan Harrison,1461 Bennett Rue Suite 069,New Aliciaberg,38863
287,Cynthia Norman,33952 Jessica Flat,North Kristinfurt,43152
288,Tonya Smith,09454 Patel Cliffs,Martinezland,24394
289,Brooke Baker,19374 Laura Locks Suite 587,East Bernardside,19724
290,Nicole Anderson,624 Ortiz Islands,South Kevin,47272
291,Kenneth Howard,22709 Hart Loaf Apt. 834,Port Austinview,31453
292,Larry Torres Jr.,60913 Atkinson Brook,South Courtney,64969
293,Bianca Mcintosh,59653 Jacob Prairie,Lake Caleb,66411
294,William Taylor,88971 Sampson Ford Apt. 373,Port Masonshire,96187
295,Lawrence Armstrong,861 Cochran Isle,Lake Kristi,27778
296,Jessica Jackson,63594 Cheyenne Walks,Lopezburgh,19284
297,Kevin Campbell,726 Andrew Meadow Suite 895,Marystad,77038
298,Chloe Ruiz,074 Cooper Ridges Apt. 451,North Jonathan,85401
299,Nicole Hanson,7724 David Mountains Suite 624,Browningside,90582
300,Melissa Munoz,85291 Burns Ferry Suite 258,New Brandonshire,69164
301,Casey Spencer,13628 Cruz Glens,South Denise,93770
302,Sheryl Waller,23269 Catherine Park Apt. 798,South Elizabeth,99284
303,Shannon Haley,07847 Rogers Vista,Kellytown,35206
304,Joshua Taylor,278 Howe Rapids,Diamondchester,01166
305,Cristina Fisher,16994 Rachel Bypass Apt. 259,Burkeberg,14563
306,Amy Davis,061 Jeffrey Alley Suite 959,East Davidfort,73493
307,Robert Howard,1419 Timothy Vista Suite 127,Robertsberg,47192
308,Mark Brown,7624 Tanya Station,Sharonchester,83602
309,Courtney Faulkner,28851 King Shoals Apt. 445,West Cathy,23380
310,James Logan,28743 Aaron Circles Suite 360,Angelaberg,13686
311,Jeffrey Scott,363 Chandler Road,New Dalton,88086
312,Craig Williamson,914 Nicole Landing,Oconnorshire,59511
313,Kenneth Wheeler,15776 Debbie Overpass,Garciachester,65609
314,Patricia Irwin,047 Jordan Drive Apt. 399,Jacobfurt,56787
315,Sean Weeks,2060 Howard Terrace,Wilsonburgh,74053
316,Nancy Malone,2473 Garcia Lights Apt. 625,Hansenburgh,24425
317,Crystal Ferguson,253 Valencia Mountains,West Teresa,80752
318,Joseph Kim,57647 Levi Dam Suite 268,New Wendyhaven,05056
319,Tina Smith,6558 Lisa Turnpike,Nathanstad,30003
320,Christina Finley,90717 Davidson Bypass,Crawfordborough,18455
321,Steven Griffin,5089 Jacob Ville,Robertfort,01601
322,Jeffrey Young,746 Kim Tunnel,Robertfort,40206
323,Sara Hansen,658 Phillip Trail,Flowersshire,71782
324,Joseph Howard,271 Price Expressway,Stevenview,44809
325,Pamela Perez,9386 Miller Loop,North Barbara,39084
326,Kimberly Thompson,7631 Brandon Field Apt. 879,North Haileybury,74328
327,Wendy Ward,2869 Brandy Track Apt. 906,South John,85528
328,Katherine Hunter,23955 Andrew Shoals,Savageberg,63964
329,Carrie Reese,76976 Kevin Gateway,Lopeztown,59200
330,Lisa Hill,02364 Wendy Coves Apt. 179,Port Christine,03134
331,Sarah Silva DVM,098 Callahan Vista Apt. 161,East Stephanie,89734
332,Mark Anderson,80245 Madison Points,Port Steven,45571
333,Jessica Rice,7112 Kathryn Unions,Andersonburgh,17220
334,John Hernandez,892 Matthew Causeway Suite 060,Andersonborough,23697
335,Brian Ramirez,3017 Brandon Viaduct,Lake Jessicaborough,11080
336,Christopher Parker MD,4630 Warner Stravenue,Markchester,92023
337,Richard Ryan,11040 Rivas Square,Fullerbury,92100
338,David Evans,894 Jones Springs Apt. 709,Port Brad,76642
339,Melissa Turner,62992 Ford Fields Apt. 882,New Jessicaborough,24653
340,Elizabeth Berry,79509 Timothy Keys,Romerotown,57713
341,Sarah Alexander,0736 Cruz Grove,West Catherine,03866
342,Mr. Nathaniel Willis,34876 Adam Meadow,Kevinborough,45808
343,Samantha Hale,4015 Luis Street,Lake Michael,41486
344,Robert Long,1022 John Drives Suite 832,Hawkinsstad,92907
345,Mrs. Kimberly Middleton MD,445 Kevin Freeway,Port Yesenia,05636
346,Pamela Perry,30871 Misty Knolls,North Michaelfort,80035
347,Jose Garcia Jr.,1796 Melanie Mission,Robertside,44535
348,Jessica Williams,95813 William Plains,West Keith,66066
349,Marcus Jennings,44991 Arellano Extensions,Sandrabury,04378
350,Shane Fitzpatrick,90391 Walker Common,North Patrick,12181
351,Jacqueline Bradshaw,5881 Mary Vista,Mcphersonport,15821
352,Dr. Vincent Brown II,7445 Christopher Viaduct Suite 892,East Debra,98173
353,Edwin Davis,5921 Williams Center,Frostfort,07215
354,Cody Salinas,7325 William Stravenue,East Nathanfort,76576
355,Joseph Willis,7896 Gould Trail Apt. 979,Gonzalesburgh,39828
356,Robert Garcia,3016 Christopher Place,East Tracystad,22822
357,Joseph Scott,976 Escobar Trail Suite 307,North Michaeltown,55940
358,Jason Lee,584 Adam Fort Suite 097,North Johnfort,59727
359,Lynn Cardenas,81494 Adams Island,Port Karen,69573
360,Brandon Mcmillan,23889 Adams Ways Suite 664,East Sheila,19174
361,Darlene Andrews,89659 Thomas Park Apt. 563,Robinmouth,52023
362,Jacob Cantu,09239 Robert Bypass Apt. 091,Danielsland,13390
363,William Lee,5816 Timothy Pine Apt. 473,West Brandy,55442
364,Michael Turner,529 Schroeder Crossroad,South Joshuaside,46675
365,Cristina Marshall,6240 Christina Spur Apt. 153,Micheleshire,74341
366,Kevin Brown,388 Wesley Rapid,West Troymouth,68711
367,Jesse Richards,71631 Barr Wells Apt. 775,Christinefort,26828
368,Jennifer Pierce,01326 Hunter Port,South Jillian,85997
369,Brian Soto,223 Walton Station,East Michelle,09356
370,Eugene Baker,8259 Harris Way Suite 384,Caldwellborough,70332
371,Rita Patel,2424 Matthew Ridge Apt. 065,Bethmouth,94949
372,Justin Smith,7092 Jordan Motorway Apt. 047,Lake Megan,32506
373,Shaun James,8597 Leon Plaza Suite 576,North Sandymouth,02601
374,Sheila Gardner,6556 Brennan Falls,South Elizabeth,57202
375,Rebecca Morris,50202 Bradley Flats,Heathertown,90448
376,James Jones,202 Billy Dale Suite 062,Elizabethton,94658
377,Tyler Watkins,3595 Michael Way Apt. 014,Hufffort,54072
378,Katelyn Mcdowell,0279 Deanna Walks,Bartonland,83716
379,Jeremy Gonzales,217 Michael Branch,Harmonbury,77264
380,Maria Johnston,029 Rodriguez Run Suite 854,Elizabethchester,55978
381,Kaitlyn Payne,3106 Duncan Heights,Claystad,92238
382,Tina Moreno,6559 Andrea Heights,Lake Scotthaven,65390
383,Michael Jefferson,5048 Bethany Spur Suite 092,New Joshuashire,33791
384,John Jimenez,82459 Allen Village Apt. 360,West Williamville,09922
385,Mark Wade,990 Kirk Path Suite 356,Patriciaborough,57474
386,Daniel Pollard,2793 Jones Trail Suite 919,Reesebury,86553
387,Samuel Nelson,94481 Parsons Manor,Wandaview,16224
388,David Harvey,6530 Wilson Plaza Apt. 164,East Paul,24625
389,Jennifer Hernandez,8578 Karen Keys,East Jenniferport,24314
390,Erin Anderson,43735 Forbes Trace Apt. 193,North Daniellefurt,01766
391,Robert Gomez,22563 Jessica Isle,North Audreytown,63970
392,Jeremy Tapia,9808 Charles Locks Apt. 095,Robinsonton,33263
393,Lance Miles PhD,75170 Howard Branch,Robinport,33915
394,Jennifer Johnson,4986 Jones Prairie,Youngburgh,04305
395,Veronica White,5934 Hernandez Circles,Port Robin,34367
396,Cole Pratt,19281 Mills Corners Apt. 123,West Daniel,02615
397,Sarah George,84204 Adam Mission,Lake Jamie,37323
398,Diana Kirby,655 John River,Brandonville,56983
399,William Alexander,694 Karla Ports Apt. 817,Beasleyberg,86799
400,Jennifer Mata,448 Mark Pine,East Darrylport,83512
401,Samuel Frederick,55723 Wu Flat Apt. 601,West Jasonbury,18362
402,Charles Harper,90605 Joshua Shores,West Angela,07447
403,Victor Henry,80800 Johnny Vista Apt. 789,Brownborough,22627
404,Lindsay Duran,89488 Barbara Knolls,Donnastad,62022
405,Janet Ruiz,9410 Henson Pike Suite 078,North Coreybury,88350
406,Rachel Walker,58925 Paul Path,South Michelle,49746
407,Ashley Hurley,096 Katie Lane Apt. 180,North Dillonview,52958
408,Martin Baker,2127 Lindsey River Apt. 982,Jamestown,13275
409,Nicholas Bryan,7630 Griffin Prairie,North Wendy,31422
410,Yolanda Wilson,025 Tanya Harbor,Johnshire,74659
411,Michael Morris,6385 Crystal Cliffs,New Justinview,06612
412,Manuel Webster,03194 Angela Point Apt. 048,South Hailey,15161
413,John Marshall,07677 Jeremy Drives,Lake Jamestown,11083
414,Sarah Levine,6284 Veronica Estate,Davidfort,55400
415,James Santiago,4179 Calderon Islands,New Tiffanyfort,87822
416,Kelsey Martin,85410 Hill Square,Lake Mark,05563
417,Kara Pena,091 Douglas Pine,New Caseyport,17071
418,Toni Weber,21733 Huang Causeway,Montesberg,93516
419,Dean Jones,4736 Parker Stream Suite 941,Sarahtown,95115
420,Kathleen Diaz,695 Andrew Crest Apt. 971,Norrisborough,43265
421,Carmen Thomas,7754 Smith Squares,Meyerberg,93204
422,Douglas Johnson,01423 Sherry Mount Apt. 968,Davidborough,31531
423,Matthew Moore,1601 Clark Cape,New Timothyton,75990
424,Julie Cantu,47113 Tabitha Fork Apt. 490,Lindamouth,39992
425,Cynthia Kelly,16241 Mason Walks,Port Thomasstad,39891
426,Sydney Sharp,340 Williams Corners Suite 451,Port Rachelmouth,46745
427,Taylor Blair,409 Katherine Fork,Lynchview,78955
428,Susan Morse,2275 Catherine Isle Apt. 543,Elizabethchester,06316
429,Richard Miller,581 Morgan Skyway Suite 777,New Michelleberg,78825
430,Lydia Wright,8056 Cory Parkway Apt. 273,Shanetown,56140
431,Amanda Grant,908 Elizabeth Summit,East Bradleyborough,30480
432,Melissa Johnson,816 Angela Extension,South Andrewbury,69176
433,Matthew Miller,423 Watson Fields,Brentshire,85260
434,Michael Thomas,03465 Thornton Court,Smithtown,91583
435,Kimberly Johnson,4381 Eric Parkways,South Kevin,17313
436,Sarah Thompson,9219 Bates Hills,South Kathrynville,29159
437,Timothy Murphy,541 Johnson Neck Apt. 309,West Michael,91664
438,Ryan Houston,01839 Andrew Island Suite 292,South Holly,76551
439,Isabel Miller,996 David Flat Suite 312,Jenniferburgh,71617
440,Brittany Garrett,50823 Lisa Estates Suite 472,New Joanne,70141
441,Melissa Smith,7964 Graham Parks Apt. 995,North Elizabethmouth,07491
442,Luke Lee,8282 Owens Canyon Apt. 481,Stricklandbury,36191
443,Christopher Houston,569 Williams Keys Suite 432,Mayside,99923
444,Alexander Smith,8600 Nicole Motorway Apt. 654,East Jessica,57964
445,Carolyn Hall,47924 Christopher Pass Suite 505,Schwartzbury,60028
446,Sierra Petersen,1313 David Greens,Wareborough,20580
447,Audrey Walton,58641 Jennifer Motorway Suite 782,Alexisport,67519
448,Katherine Sharp,5725 Joyce Island Suite 705,Johnsonshire,09741
449,Michael Buck,4073 Smith Squares Apt. 451,Elizabethhaven,08871
450,Todd Allen,59565 Barrett Mall,East Jessicahaven,52244
451,David Reyes,90558 Chavez Springs Apt. 785,Andersonburgh,04268
452,Brenda Foster,06884 Allison Isle Apt. 272,Port Sean,32765
453,Mrs. Kelli Ross MD,0306 Carolyn Spur,Riosland,12177
454,Joanna Dickson,612 Sherry Road Apt. 204,Parkton,65209
455,Tanner Randolph,87803 Dorsey Brooks Suite 696,Katherinefort,69424
456,Daniel Perez,3874 Jacqueline Throughway Suite 886,Brookehaven,22598
457,Hannah Mclean,89569 Tina Stravenue,North Markburgh,44899
458,Jared Galvan,483 Holly River,Lake Michael,71432
459,Danielle Sanders,6318 Madden Court,Port Angelaland,59530
460,Rebecca Oneill,44013 Peter Ports Suite 868,New Elizabeth,53629
461,Joseph Ward,5790 Green Valley,Derekberg,01657
462,Sandra Mcknight,2980 Elizabeth Parks Apt. 139,Wrightborough,81003
463,Richard Clark,2871 Schwartz Forest,Youngville,26923
464,Xavier Williams,37007 Kristin Brook,Burtonside,58555
465,Ms. Rebecca Norris,5791 Paula Hills,Lake Antonio,87076
466,Thomas Williams,233 Jackson Overpass Suite 451,Robinborough,72868
467,Jamie Pena,363 Powell Keys Suite 315,Webbfort,48457
468,Stephanie Pace,08208 Deborah Villages Suite 017,South Micheal,24407
469,Thomas Phillips,75386 Ronald Falls,Alexandramouth,52428
470,Manuel Williams,9272 Heather Green Apt. 411,Amberborough,61380
471,Joshua Ibarra,15863 Wright Valley Apt. 387,Matthewhaven,49993
472,Donald Brown,26558 Carter Street Apt. 659,Port Emilymouth,35320
473,John Jones,3812 Tammy Plain Suite 106,Lake Heather,50546
474,Laura Hall,49831 Beltran Greens,South Jasonshire,82005
475,Lawrence Jordan,432 Adams Islands,Lake Lorimouth,44364
476,Chase Mason,856 Christine Spur Suite 184,Laurieshire,13229
477,Rebecca Beck,76465 Christensen Port Apt. 273,Hunterville,85331
478,Corey Cowan,874 Joshua Bypass,West Stephen,04258
479,Hannah Buchanan,1089 Taylor Canyon Suite 224,Courtneymouth,67839
480,Daniel Tucker,379 Marcus Hills,Shawnville,08016
481,Collin Miller,0076 Phillips Inlet Suite 936,South Marcview,20262
482,Scott Walker,1612 Jamie Corner,Michaelview,23403
483,Peter Davis,9064 Villanueva Meadow,Melissaland,86885
484,Jordan Brown,614 Nathan Rest Suite 972,Port Joseph,90504
485,Grace Jones,24497 Guerra Dale,Amybury,50203
486,Michael Clark,146 Brooks Overpass,South Roseborough,92123
487,Michele Hunt,325 Melissa Curve,Stevenview,22753
488,Angela Allen,6797 James Grove,New Meghanton,69289
489,Amy Jones,46428 Bolton Shoal Suite 292,West Brianview,85098
490,Sarah Klein,3634 Nielsen Corners,East Jillianside,88735
491,Gregory Yoder,3266 Carlson Falls Apt. 878,Douglasfort,99585
492,Emily Rocha,24131 Jason Ridges Apt. 901,Port Tammyshire,28782
493,Robert Cooper,36955 Charles Walk Apt. 224,East Henryberg,65325
494,Jerry Stuart,27743 Brooke Hill Suite 442,East Ericland,04182
495,Priscilla Contreras,7808 Torres Club Suite 053,Thompsonhaven,82557
496,Alec Todd,5632 Morales Avenue Apt. 529,North Thomasborough,39785
497,Arthur Garcia,286 Hayes Village,Kimberlyshire,22801
498,Casey Stokes,79128 Kayla Court,Andreatown,23674
499,Melinda Valentine,02813 Jason Loop Suite 776,Isabellafurt,29766
500,Amy Knapp,754 Alison Causeway Apt. 270,Kylebury,90879
501,Jason Andrews,6781 Contreras Rest,Jessicabury,18560
502,Courtney Clark,677 Harding Estate,North Toddshire,61951
503,Alan Olson,050 Andrews Road Suite 977,East Jose,47522
504,Anita Franklin,3776 Bradley Drives Apt. 774,Benjaminview,30070
505,Richard Brown,2987 Burke Place Apt. 767,Jeanettechester,04010
506,Emily Perez,6782 Adams Rapid,North Matthewmouth,41638
507,Kelly Black,201 Simmons Junction,Kelleyland,68230
508,Jody Jordan,33751 Stephen Vista,Port Christina,03448
509,Lindsey Wheeler,23398 Megan Glens,Johnside,90296
510,Kelly Crawford,617 Alexander Lights Suite 563,Lake Caleb,34866
511,Zachary Garrett,56921 Jennifer Trace,Lisaborough,37372
512,Eric Oneal,49955 Sanders Mews,East Vanessaland,06872
513,Luke Jones Jr.,812 Samantha Grove Apt. 655,Tammychester,26401
514,Geoffrey Nelson,4411 Amy Passage,West Brooke,91179
515,Jason Randolph II,4544 Doyle Summit Apt. 074,West David,69268
516,Nicole Green,400 John Extensions,Phillipsshire,43952
517,Alexander Bradley,7417 Michael Lock,New Christine,09686
518,Jessica Mays,6855 Alyssa Walk Suite 376,Stephenside,59758
519,Jennifer Obrien,317 Bryant Squares,Lake Kyle,46212
520,Ann Diaz,4815 Mata Burg,Murphyville,11822
521,Brian Humphrey,01608 Nelson Turnpike Suite 419,Port Christopherfort,09173
522,Gabriel Garcia,86731 Thomas Mills,West Marymouth,98399
523,David Glenn,2760 Jonathan Lakes,Lake Aaronbury,32506
524,Mark Garcia,290 Wendy Manors Apt. 376,West Kimberly,75616
525,Rita Murray,35254 Rebecca Center Suite 696,Morrowstad,06806
526,Brianna Spencer,4773 Amanda Skyway Suite 986,Jesusmouth,41861
527,Mr. Willie Cherry,461 Williams Mission Apt. 943,Lake Coreyside,15794
528,Deborah Cooper,48384 Margaret Shoals Apt. 486,Port Scott,65219
529,Brittany Rangel,9747 Michael Stravenue Suite 697,Pamelaburgh,43267
530,Danielle Perez,815 Matthew Freeway Apt. 492,Lake Carlos,82671
531,Heather Santiago,48473 Oconnor Light Suite 191,Lindseyfort,15393
532,Pamela Scott,41055 Sylvia Grove,Tiffanymouth,58804
533,Adrian Richards,047 Cheryl Keys,Tammyfurt,52671
534,Annette Smith,61806 Andrew Lake Suite 451,Johnsonborough,32179
535,Maria Hopkins,79743 Johnson Dale,New Dannybury,97034
536,Alicia Davenport,3051 Solomon Divide,Tarahaven,34856
537,Adam Allen,62007 Mathew Pine Apt. 365,West Brenda,57212
538,Leah Grimes,78563 Elizabeth Coves,Palmerview,52588
539,Mrs. Emily Mills,911 Evans Parks,East Judith,67275
540,Zachary Meza,8372 Lawson Junctions Apt. 214,North Adam,17660
541,Sheila Meadows,1814 Ward Rue,Port Peggytown,81854
542,Nicole Green,08631 Waller Cliff Suite 161,New Elizabethchester,83673
543,Rhonda Hansen,95314 Ashley Court,South Angela,18358
544,Courtney Nguyen,55110 Gaines Crescent Suite 851,Timothyport,65882
545,Sandra Smith,786 Smith Parkway,East Priscilla,92377
546,Lisa Estrada,918 Wallace Springs,North Scottfurt,03153
547,Kenneth Knapp,5451 Cindy Valley,Alexisland,11744
548,Kevin Williams,880 Calderon Street,New Tammy,73973
549,Sarah Estrada,4980 Erica Port,South Cameron,30961
550,John Martinez,11917 Javier Walks Apt. 251,East James,71460
551,Briana Nichols,46503 Gray Well Apt. 791,South Courtneyfort,79055
552,Michelle Clarke,3190 Jerry Squares,South Lancemouth,49424
553,Amanda Campbell,377 Stewart Lakes,Port Jennifer,09883
554,Christopher Wilson,82328 Edwards Ports,North Jenniferborough,13114
555,Donald Lewis,1587 Campbell Forest Suite 596,Jesseborough,94177
556,Brian Pierce,0757 Reed Garden,Lake Ashleyview,69550
557,Eric Hamilton,3059 Angel Mountains,Alexanderhaven,22409
558,Michael Wilcox,588 Goodman Parks Suite 973,Coletown,10208
559,James Wagner,177 Keith Village Suite 169,Mistybury,35131
560,Michelle Best,51198 Randall Inlet,New Bettychester,84116
561,Heather Campbell,4213 Robert Crossroad Apt. 629,New Rebeccafurt,43450
562,James Petersen,90156 Andrew Row Suite 683,South Jonathanport,68833
563,Lisa Cross,9248 Jennifer View,New Sarahtown,50923
564,Laura Lane,642 Fleming Forks Apt. 744,Andersonberg,71200
565,Diana Cabrera,56301 Morton Springs,South Andreamouth,84887
566,Brenda Taylor,56603 Nancy Orchard Suite 526,West Courtney,84366
567,Jill Le,7934 Christopher Place Suite 443,West Troy,67007
568,Michael Sharp,05287 Smith Overpass Apt. 779,Port Christophertown,08367
569,Mr. Lucas Hamilton,951 Nancy Trail Apt. 451,Tiffanyborough,30239
570,Ashley Hicks,2702 Tucker Neck Apt. 433,Jeffreymouth,99529
571,Clifford Pearson,5835 Ryan Creek,Victoriaview,28294
572,Mary Newman,982 Edward Walk Apt. 841,Mariahaven,41947
573,Shawn Ho,1775 Suarez Corners Apt. 610,Greenhaven,14804
574,Curtis Moss,083 Miranda Crossroad,Kruegerland,32656
575,Kimberly Vaughan,47888 Leonard Forge Apt. 175,Travistown,82640
576,Laura Castillo,610 Howell Ways Suite 379,Shirleyton,56782
577,Antonio Mullen,952 Flores Lakes,New Alexandraville,95257
578,Suzanne Coffey,9414 Brown Valleys Suite 711,Aaronport,21245
579,John Young,806 Mathis Run,South Patriciahaven,39930
580,Erin Mccoy,619 Smith Row,Rushhaven,20421
581,Holly Thomas,6408 Derrick Spurs Suite 175,Jenniferville,91976
582,Stephanie Myers,914 Edward Wall Apt. 463,Dennisside,37981
583,Zachary White,27990 Richard Prairie Apt. 434,Michaelbury,71442
584,Michael Brown,4112 Lawrence Tunnel,Christopherfurt,54795
585,Julie Olson,8852 Velez River,Laurieberg,45996
586,Erika Case,6215 Wilson Divide Apt. 339,Morrishaven,57231
587,Holly Bowers,3856 Evans Tunnel,Port Kimberly,77082
588,Edward Norris,61186 Renee Creek Suite 448,Christophershire,47619
589,Curtis Lane,6340 Tiffany Brook Suite 046,Tanyashire,86411
590,Laura Rivera MD,660 Harrington Canyon,New Jason,30189
591,Pamela Welch,9099 Ruiz View Suite 066,New Michelle,45698
592,David Torres,288 Veronica Glen,East Richard,28095
593,Jessica Bailey,2540 Angela Coves,Cherylberg,71806
594,Kenneth Hall,121 Jensen Spring Apt. 352,Lake Samuelfurt,77622
595,Katelyn Brown,1621 Peterson Light,Allentown,73479
596,Christina Tucker,92314 Klein Camp Suite 218,Mcmillanland,34784
597,Theresa Henderson,88021 West Way Suite 231,Carolhaven,15546
598,Angela Torres,992 Mendez Parks Suite 968,East Lauren,20365
599,Miss April Solis DVM,6861 Robertson Shoal,Harriston,76487
600,Colton Thompson,512 Gordon Locks Suite 729,Bellberg,37511
601,Rodney Hendricks,9793 Stefanie Lake Apt. 381,Knoxstad,58118
602,Michelle Jones,05240 Pierce Via,Greeneland,73835
603,Alexis Stanley,77283 Cassie Plaza,North Johnny,46190
604,Corey Rice,83505 Murphy River Suite 868,West Courtneybury,15673
605,Tonya Morris,834 Annette Estate,New David,90438
606,Tamara Smith,44038 Jill Gardens,Lake Adam,69550
607,Kyle Logan II,5357 Lee Cliff Suite 370,Cainton,27890
608,James Mcclure,852 Gregory Lodge Suite 321,North Jamie,75767
609,Danielle Brady,4328 Crystal Rue Suite 049,Danielletown,83220
610,Diana Jones,7473 Moreno Divide Suite 303,Brianfurt,99074
611,Paula Lynn,88825 Elizabeth Springs Suite 994,East Geraldshire,46817
612,Michael Rogers,397 Jackie Gardens Apt. 439,Amandaborough,83853
613,Kelly Curry,822 Jacob Key Apt. 140,New Phillipport,02277
614,Paula Adams MD,6188 Brian Street Suite 370,Lyonsstad,69666
615,John Berry,944 Erin Club,Carmenland,35592
616,Nicole Martinez,741 Jose Prairie,Davisshire,48285
617,David Christensen,396 Ellis Plaza Suite 583,Walkermouth,57366
618,Nathan Williams,701 Cynthia Field,West Andrewland,96401
619,Brian Davis,047 Hudson Alley,Peterton,97568
620,Emily Brown,7477 Klein Oval,Wilcoxview,15175
621,Samantha Hull,079 Derrick Glen Suite 213,Delgadoton,04179
622,Charles Chambers,72748 Dennis Forges,Herreratown,69867
623,Richard Stevens,5651 Peter Club,North Charlesfort,45980
624,Arthur Young,59933 Patrick Station,Port Gregory,24781
625,Andrew Smith,0676 Emily Valleys,New James,89727
626,Emily Green,00064 Morrison Overpass,Joshuamouth,38192
627,Denise Thornton,5150 Mckenzie Keys,Connerborough,49377
628,Alexa Hanson,185 Donna Shoals Apt. 068,South John,32362
629,Kyle Hawkins,7989 Hinton Valley,Buckleyview,67078
630,Robert Thomas,34557 Carpenter Road Apt. 152,Haydenfort,95351
631,Daniel Richards,57495 Barbara Streets,Josephside,08017
632,Jean Obrien,788 Jeffrey Springs,New Cherylmouth,48503
633,John Lopez,86440 Courtney Trace Suite 286,South Raymond,86959
634,Stacy Daniels,801 Shaw Neck,Port Aprilton,38279
635,Justin Marshall,05294 Emily Bridge Apt. 084,Port Kimberlyfurt,21582
636,Emily Gonzalez,9859 Nancy Vista,Harristown,19261
637,Randy Greene,42317 Sullivan Knolls,Rodriguezmouth,37446
638,Daniel Garcia,143 Jaime Cape,Boydfort,26015
639,Samuel Garrison,169 Ibarra Ville,Port Todd,26918
640,Matthew Garcia,53224 Julie Ville,Alexandermouth,30452
641,Laura Lynch,6305 Steven Villages,East Robynchester,52671
642,Justin Jones,624 Adams Stream,East Katherinehaven,63113
643,Grace Morrow,2314 Shelby Plain Apt. 890,West Deanna,45072
644,Erin Ward,668 Shaffer Green,Kristenstad,17743
645,Tara Abbott,0558 Ashley Roads,Armstrongmouth,39060
646,Kristen Koch,61061 Xavier Trace,Bonniemouth,35635
647,Sara Cox,196 Karen Rapids Suite 701,West Michellehaven,99880
648,Roberto Wallace,093 Allen Port Suite 992,New Jonathan,37878
649,Teresa Andrews,416 Solis Landing Suite 077,Port Ericland,72014
650,Megan Weaver,52823 Johnson Divide,West Sydneyfort,57260
651,Kyle Riley,2103 Mcgrath Common,Hallbury,99940
652,Bobby Keller,25390 Haas Viaduct Suite 203,Lake Wendyhaven,64368
653,Pamela Vang,493 Diaz Prairie Suite 084,Jennifershire,68752
654,Andre King,1737 Hall Track Suite 694,Thomasfurt,85318
655,Heidi Long,7083 Perez Ways Suite 931,Allenshire,76110
656,Blake Avila,10246 Owens Gateway Suite 389,New Jose,07883
657,Brandon Herman,6970 Sarah Pike Suite 091,Norrishaven,63191
658,Jamie Moore,1773 Andrew Run Apt. 506,North Heather,73388
659,Virginia Lewis,274 Christopher Centers Apt. 454,Ericaview,63725
660,Mary Smith,16188 Brenda Haven,Davischester,80099
661,David Galvan,9027 Clarke Camp,North William,28276
662,Nicholas Torres,816 Keller Drive Apt. 744,West Kelseyshire,86329
663,Robert Freeman,2812 Griffin Cape Apt. 413,East Stephenstad,70455
664,Seth Nichols,34272 Janet Motorway,South Ericmouth,26310
665,Jeffrey Smith,886 Mark Ford,South Ryantown,75388
666,Aaron Vargas,5268 Munoz Rue,Lake Victor,53952
667,Daniel Campbell,8279 Santiago Roads Apt. 929,North Davidborough,34692
668,Anna Scott,704 Matthew Passage Apt. 688,Lambertland,56782
669,Jennifer Walls,447 Kennedy Plain,Grimesfurt,39794
670,Jennifer Tran,048 Keller Parks,Elliston,41154
671,David Hansen,491 Kenneth Wells,West Kimberly,57945
672,Alexander Randall,98885 Michael Plaza,Paulaton,46377
673,Jessica Mcknight,8281 Brown Knolls Suite 458,South Samanthamouth,49427
674,Janet Cook,083 Chang Drive Apt. 065,Aprilmouth,13026
675,Jacob Greene,990 Hall Wall,Port Jayburgh,66758
676,Allison Rowe,5051 Nicholas Forge Suite 868,New Tamara,74044
677,Travis Bond,9089 Perry Light,Lisafurt,98825
678,Pamela Sandoval,4278 Graham Meadows Suite 755,Juliefurt,67560
679,Maria Sweeney,944 Simmons Meadows Apt. 453,Adrienneside,25629
680,Benjamin Perkins,78693 Haley Mills Suite 245,Lake Brianville,95059
681,Christopher Hill,59520 Freeman Lane Apt. 104,Davisport,57227
682,Steven Wong,10452 David Stream,Savannahport,94136
683,Joseph Williams,486 Zhang Way Apt. 632,North Lindsey,90568
684,Darrell Bennett,37024 Jimenez Street Apt. 292,Smithland,25655
685,Bryan Whitney,8132 Frank Rapid Apt. 711,Port Tinaside,46397
686,Jose Johnson,865 Shawn Branch Suite 536,West Thomasbury,03856
687,Sheila White,4144 Timothy Stream Apt. 518,Johnsonborough,61794
688,Matthew Martinez,271 Joel Road,South Saraberg,76748
689,Jason Watts,057 Michael Ville,West Tiffany,20474
690,Jessica Turner,5722 John Points Suite 843,North Scottfort,59758
691,John Davis,5564 Jessica Neck,Johnsonstad,21284
692,Chad Parks,35196 Brian Fort,Estradaside,70450
693,Sheryl Jones,9434 Todd Dale Apt. 455,Vargasmouth,02468
694,William Freeman,863 Sheppard Wall Suite 016,New Connormouth,54731
695,Madison Campbell,1426 King Terrace,East Tracymouth,99433
696,Terri Lopez,35317 Stephen Crossing,Matthewport,09706
697,Vanessa Miles,067 Pittman Mills,North Jacob,37012
698,Gerald Cruz,6251 Davis Underpass,West Mark,84366
699,Megan Henderson,5349 Stephens Haven Suite 384,Andrewville,61670
700,Michael Aguilar,52370 Hernandez Squares,West Rachel,75733
701,Sara Howard,685 English Shores,West Spencer,68200
702,Tonya Wells,590 Downs Turnpike,Nancyfurt,73043
703,William Moran,2888 Miller Way,West Biancachester,66371
704,Diana Thompson,092 Madden Ridges,Amyhaven,53262
705,Aaron Flores,3039 Cook Pine Apt. 749,Mcgrathtown,24355
706,Samantha Anderson,22297 Timothy Wells,Nicoleville,45912
707,Michelle Rose,79044 Jeffrey Freeway Apt. 747,South Collin,97316
708,Lisa Weaver,16391 Hodges Court Apt. 660,Moniqueburgh,80351
709,William Jones,47080 David Turnpike,West Rebeccastad,15315
710,Thomas Evans,7595 Mike Fields Apt. 662,West Sean,91880
711,Andrew Watson,818 Hughes Roads,West Sarah,02402
712,Andrea Garrison,856 Clarke Turnpike Apt. 408,Hugheston,23131
713,Christopher Wood,3450 Katrina Mountains,Port Michellebury,02512
714,Evelyn Matthews,45269 Jennifer Glens,Lake Laura,72942
715,James Clayton,2417 Singh Via,Bushberg,57752
716,Penny Stone,0577 Wise Track,Lake Ashleychester,99127
717,Jake Bray,152 Rose Brook Suite 937,South Scotthaven,34900
718,Dawn Hurst,527 Reyes Shore Suite 920,North Wendy,04394
719,John Hunter,31600 Lee Crescent,New Lauren,73101
720,Makayla Davis,1269 Lance Ports,North Jennifer,91135
721,Stephanie Warren,0967 David Rapid Suite 166,West Lauren,25099
722,Bryan Brock,465 Jerry Parkways Suite 177,West Michael,92292
723,Christopher Myers,013 Christine Highway,West Calvinview,65865
724,Jillian Walsh,42556 Rose Manors,Matthewview,04880
725,Russell Douglas,78583 Larsen Extensions,Jasmineshire,51795
726,Michelle Novak,847 Madden Underpass Apt. 356,Juanchester,02580
727,Sara Morales,9376 Williams Plains,Port Stacy,67380
728,Katherine Short,9646 Norris Forge Suite 495,Port Cassandrastad,41030
729,Andre Holmes,95571 Judy Drive,East Charlesshire,71891
730,Michelle Thomas,30758 Gordon Roads Apt. 225,Josephberg,65485
731,Ashley Peterson,67855 Mitchell Island,North Jeffrey,10394
732,Mitchell Allen,232 Daniel Crest Apt. 794,South Mariah,52314
733,Sherri Robinson PhD,6718 Joshua Flats,North Mark,70440
734,John Rodriguez,8381 Wendy Radial,East Jennaton,88065
735,Linda Byrd,50055 Donna Tunnel,North Virginia,68843
736,Michele Hampton,93833 Anna Ports Apt. 841,Matthewschester,39815
737,Leonard Hernandez,5501 Bishop Shore Apt. 272,New Carrie,51966
738,Shane Mills,74648 Kimberly Drive Suite 907,Port Emilytown,08525
739,Holly Boyd,98019 Jessica Cape Suite 587,Port Kristen,86747
740,Jeremy Johnson,8665 Richard Road,Gutierrezberg,64628
741,Jeremy Sullivan,10792 Chad Loop,New Thomas,07473
742,Alexander Mayer,364 Cunningham Ways,Port Spencer,02710
743,Erica Barnes,3156 Andrew Field Suite 717,South Joseph,64545
744,Robert Murray,9845 Marquez Manors,North Shannonshire,79085
745,Mark Luna,55908 Rodriguez Camp Apt. 857,Melissaburgh,79833
746,Jill Stafford,4233 Hall Passage,North Alicia,67046
747,Anne Graves,990 Robin Ramp,Lake Gregory,61761
748,Brian Bennett,42117 Lee Brook Apt. 247,Wiseburgh,48948
749,Evan Jones,8040 Hunter Courts Apt. 652,Markfurt,40408
750,Michael Williams,08857 Taylor Key Apt. 854,Whitemouth,41177
751,Lauren Delgado,611 Adams Causeway Suite 932,Roseshire,04389
752,William Powers,51151 Ramirez Shore,Priceport,75030
753,Timothy Wong,6500 Julie Pine Apt. 769,Glennmouth,22474
754,Justin Flynn,505 Nicole Flats Suite 359,Sarahville,87271
755,Misty Price,799 Hernandez Burg Apt. 279,New Jaredton,85082
756,Sarah Mason,3318 Sara Viaduct Apt. 141,Gibbsberg,44699
757,Michelle Mcdowell,54652 Lester Stravenue Apt. 765,New Joshua,54104
758,Ryan Butler,876 Sheri Knoll,Ernesthaven,76188
759,Michael Mason,899 James Pines,Wiseside,46204
760,William Velazquez,867 Mcintyre Field Apt. 915,South Sean,66534
761,Patrick Lewis,68813 Young Keys Suite 147,New Johnhaven,02443
762,Anthony Mcconnell,0415 Connie Ramp,Schroederview,99068
763,Sandra Campbell,6068 Jennifer Inlet Suite 643,South Joshuahaven,77356
764,Jennifer West,955 James Trace,East Christopherfort,55027
765,Courtney Jimenez,411 Catherine Roads,Cynthiaport,89048
766,Lance Christian,196 Sanchez Squares,West Bobbyville,53014
767,Travis Johnson,84157 Trevor Square,North Christineburgh,61704
768,Jeremiah Petersen,015 Singleton Cliff,East Christopherhaven,34351
769,Justin Huber,677 King Mills,East Aprilport,83742
770,Jack Bartlett,55743 Ruth Parks,Elizabethbury,95313
771,Lindsay Jackson,9577 Atkinson Rest Apt. 116,New Tammyfurt,20404
772,Paul Scott,124 Zhang Run Apt. 590,Mclaughlinport,78863
773,Matthew Parker,42266 Michael Camp,New Nicholas,06241
774,Nicholas Carlson,4464 Jeffrey Island Apt. 522,Lake Margaret,20304
775,John Thomas,10310 Holt Mount Apt. 012,Jasonfurt,24347
776,Melissa Williams MD,56421 Ashley Station,Sandybury,47421
777,Jennifer Mcclure MD,340 David Flats Suite 541,Port Kaitlynberg,57187
778,Nicholas Ford,8313 Stacy Ferry,Port Dennisshire,12457
779,Kristina Sullivan,4859 Cynthia Plain Apt. 940,South Ericashire,88338
780,Dustin Daniel,333 Elizabeth Manor Suite 494,East Wendy,49813
781,Nicholas Rogers,310 Michael Crescent,Port April,90365
782,Mrs. Linda Gonzalez,80263 Tanya Parkways,Lake Robert,30288
783,Jason Brown,04366 Gilbert View Suite 737,Harrischester,38020
784,Mary Swanson,4961 Elijah Lights Apt. 713,Brianmouth,97300
785,Debra Jackson,958 Sheppard Springs Apt. 213,Markstad,90358
786,Richard Flores,53914 Charles Creek Apt. 826,North Benjamin,14403
787,Jake Singleton,14634 Powers Shoals Suite 893,Josephfort,51439
788,Jessica Briggs,37910 Gary Shore,West Jennifer,47283
789,Alison Jones,416 Matthew View,Andreville,84548
790,Stacey Ward,4897 Miller Valleys Apt. 488,Gutierrezton,74653
791,Erica Arnold,01251 Trevor Mill Suite 166,Reyesmouth,09646
792,Alisha Vazquez,46306 Baxter Route,Debbieside,07493
793,Alex Warren,124 Moran Glen,New Robert,40195
794,Bryan Garza,8409 Douglas Village,South Teresamouth,92494
795,Steven Mcdonald,07385 Joel Street,Lake Kristin,92527
796,Dr. Paul Gonzales Jr.,72916 Rodgers Brook,New Kevinport,11359
797,Dominic Spencer,8786 Jean Row,New Samanthaport,84787
798,Heather Lynch,3014 Daniel Walks,Port Samuelmouth,97420
799,Steven Aguilar,97182 Crystal Island,Lake Sheilachester,68371
800,Larry Newman,594 Holly Cove,Petersonborough,79993
801,Rachel Ortega,5514 Leonard Green Suite 160,Port Jimmytown,17155
802,Nicholas Taylor,61241 Armstrong Highway Apt. 523,Lake Ashleyville,68911
803,Brian Daniels,50895 Lewis Lights,Jamesfurt,66791
804,Anna Lewis,0967 Rachel Place,Port Stephen,13122
805,Andrew Barrett,259 Brooks Corner Apt. 366,Ethanside,73562
806,Victoria Rhodes,33726 Bailey Wall Suite 104,Johnport,45688
807,Sheryl Pitts,997 Cynthia Point,New Lindsayfurt,99287
808,David Simpson,9145 Gibson Garden Suite 770,Port Markfort,70932
809,Kayla Torres,870 Jennifer Terrace,North Gregory,25998
810,Timothy Hensley,1690 Fisher Spur,Mooremouth,14015
811,Alyssa Moody,36090 Velasquez Rapid,West Sheila,22518
812,Eric Stewart,33996 Gray Gardens Suite 717,South Deborahville,10819
813,Anthony Hale,3289 Duran Drive,West Danielleberg,76487
814,John Thompson,5805 Robinson Circles Apt. 696,Grahammouth,16507
815,Sharon Cohen,81258 Angela Parks,East John,83240
816,Angela Blair,97275 Cindy Throughway,Port Ryanville,44290
817,Chelsey Martinez,639 Jones Point Apt. 072,South Javier,50442
818,Brian Todd,0307 Victoria Trace Apt. 183,Brandyport,28943
819,Daniel Bryant,47528 Wilson Lodge Apt. 709,North Shawnaport,61480
820,Sean Williams,956 Alicia Summit,Charlesfurt,78579
821,Joseph Peters,06650 Chavez Dam,North Melissastad,61136
822,Rachael Mcdonald,3853 Smith Greens,East Jessica,64809
823,Loretta Edwards,295 Paul Extension Apt. 287,North Andrewstad,12732
824,Ryan Chandler,071 Smith Courts,West Corey,20297
825,Karen Jackson,521 Ashley Shoals Apt. 019,West Ginashire,06049
826,Amy Lee,4751 Davenport Corner Suite 572,Schroederview,09584
827,Elizabeth Wilkerson,23847 Cowan Hollow,Port Sherry,46597
828,Kristy Bailey,869 Kimberly Orchard Suite 126,North Jenniferchester,56518
829,Cindy Murphy,78525 Michelle Loop Suite 378,Edwardsfurt,20647
830,Mia Franklin,994 Gates Rue,West Emilybury,77896
831,Brandy Le,62129 Renee Forge Suite 848,New Karenstad,49126
832,Victor Johnson,74154 Melanie Courts Suite 011,North Ivanburgh,00606
833,Tracy Campbell,5003 Mckinney Locks Suite 978,North Melissa,62697
834,Michael Daniel,7467 Myers Square,Bryanside,86786
835,Dana Wang,2639 Allison Course,Mccluremouth,51691
836,Ashley Butler,160 Hopkins Way Suite 214,North Kevin,79010
837,Dr. Natalie Robertson DDS,443 Allen Shores Apt. 630,Rogerschester,60842
838,Bob Wilson,346 Tony Centers,Walterfort,16841
839,Christopher Baker,0228 Joseph Creek Suite 967,North Ruth,62738
840,Crystal Moreno,9459 Hayes Court Suite 380,New Taylor,52982
841,Pamela Schroeder,028 Freeman Turnpike,Gregoryside,63979
842,Jason King,3226 Wilkins Greens Suite 001,Amandaside,57006
843,Beth Dixon DDS,991 Steven Loaf Suite 032,Port Frederickberg,89876
844,Anthony Ortiz,729 Robinson Mount,New Daniel,99662
845,Tammy Payne,8471 Jackson Ramp Apt. 429,South Bryan,05533
846,Paul Dean,98496 Hannah Meadow Suite 033,Rileyland,42197
847,Mrs. Linda Robinson,474 Melissa Row Apt. 697,New Wendy,14943
848,Amber Clayton,5337 Ewing Junction,Murrayshire,63837
849,Samantha Hatfield,51055 Zachary Plain,Jessicashire,07704
850,Tina Burns,59262 Kathleen Brooks,Markchester,35457
851,Karen Coleman,96913 Williams Port Apt. 364,Choiside,81010
852,Nicholas Rogers,777 Hector Circles,West David,74012
853,Christopher Sullivan,8416 Barber Radial Apt. 824,Christianton,75867
854,Sarah Stokes,2972 John Court Suite 869,Harrisview,31504
855,Jennifer Rivera,83768 Jasmine Wells Suite 355,East Edward,30455
856,Nicole Stewart,765 Coleman Stream,Port Alexismouth,01362
857,Lisa Moody,5858 Kevin Rue Suite 424,Lake Anthonymouth,38437
858,Christopher Kelly,500 Scott Spurs Suite 063,North Randyshire,27784
859,Joanne Jones,1790 Ortiz Land,Simsburgh,03351
860,Erica Campbell,1498 Scott Forest,Trujilloview,82281
861,Crystal Sanders MD,059 Brooke Creek Apt. 664,North Kelly,52298
862,Thomas Miller,4974 Sheri Stravenue Suite 792,Davidport,71957
863,Dylan Long,99829 Mccall Extension Suite 542,Port Wesleytown,78455
864,Jessica Cole,192 Nathan Well,Laurabury,02328
865,Dawn Perez,8423 George Meadow Suite 098,Hensonville,70782
866,Lisa Copeland,7860 Cochran Circles,North Kathy,68869
867,Sarah Meyers,80470 Ebony Station,Davidport,53630
868,Jessica Reyes,912 Priscilla Forges,South David,80436
869,Michael Curtis,473 Lamb Bypass,Nealhaven,76563
870,Alejandra Horne,2271 Rangel Extensions,Carlberg,93247
871,Steven Martin,69012 Sharon Squares Suite 057,Port Amy,50767
872,Michael Lewis,7888 Hunter Flat,South Terrifort,28901
873,Gregory Johnson,6505 Casey Burg Suite 172,Williamsfort,71868
874,Brandon Alexander,5981 Nguyen Walks,Potterburgh,68343
875,Eduardo Brown,189 Victor Shores,North Troy,41844
876,Thomas Lowe,3082 Weaver Divide,New Melanie,62799
877,Elizabeth Berger,26486 Jill Oval,Charlesburgh,88890
878,Diane Miller,878 Jerome Spring,South Troyfort,48928
879,Travis Hatfield,38498 Romero Heights,North Jillianchester,58937
880,Tyrone Johnson,119 Kayla Ridges Apt. 935,Mcdonaldmouth,03799
881,Phillip Hinton,53161 Montgomery Union Apt. 905,Harrisstad,81678
882,Timothy Cunningham PhD,964 Pham Motorway Apt. 212,East Greg,30810
883,Mr. Corey Kerr MD,43981 Shelton Trafficway,Medinashire,18141
884,Samuel Paul,153 Logan Loaf,Pattersonfurt,99267
885,Melissa Mccall,9533 Nicole Vista Apt. 829,Martineztown,57974
886,Adam Coleman,79800 Elliott Divide,West Andrestad,74811
887,Tracie Conner,791 Debbie Flats,Meganton,00536
888,David Graves,8623 Andrew Walks Apt. 415,New Sethstad,91956
889,Linda Terrell,7738 Jennifer Rapid,Mollyview,26033
890,Kristine Snyder,5992 Brown Gateway,Charlesburgh,10772
891,Kathryn Coleman,4611 Christina Centers Apt. 832,West Tinastad,77929
892,Keith Yu,6750 Elizabeth Turnpike Apt. 506,South Randy,88707
893,Brent Mcmahon,3158 Tammy Walk Apt. 733,Nathanberg,50931
894,Charles Copeland,7562 Young Mills Apt. 420,West Teresa,59272
895,Sabrina Turner,65370 Wolfe Lodge,Andrewtown,71824
896,David Cox,5640 Ford Pass Apt. 878,Kathrynmouth,80932
897,Kevin Clayton,2354 Kelly Ridges Apt. 023,Reginaldville,16470
898,Pamela Bentley,03776 Rebecca Unions Suite 078,Lake Dylanport,47791
899,Denise Wells,74599 Jonathan Shore,Briantown,73823
900,Peter Jones,522 Sanchez Forges Apt. 853,Taylorberg,49839
901,Gene Smith,139 Ortiz Mills,Gloverstad,89911
902,Jonathan Smith,0506 Shannon Pike,Hernandezfurt,32730
903,Jay Jackson,151 Johnson Forks Apt. 526,East Tonyaton,65898
904,Holly Smith,086 Amy Motorway Suite 368,Lake Crystal,25197
905,Erin Guzman,8244 Gina Point,New Jessicabury,93917
906,Crystal Farrell,02620 Chad Manor Apt. 446,Curtishaven,03544
907,Daniel Burgess,8613 Smith Ferry,West Natalieport,28817
908,Amanda Davis,38707 Lisa Views Suite 154,Shannonport,12584
909,Susan Turner,3471 Michelle Crossroad,Farmerhaven,47811
910,Jared Fletcher,04778 Kristin Lock,West Holly,27070
911,Roy Washington,33726 Baker Light Apt. 039,Scottshire,22017
912,Robert Luna,11237 Cory Camp Apt. 416,Adamsmouth,78764
913,Keith Hoffman,43342 Fisher Landing,Greeneland,35431
914,Brandi Nolan,85937 Ashley Lakes Suite 806,Reyeston,08804
915,Mark Waller,18445 Jacob River,Stephaniefurt,64864
916,Connie Cook,402 Jack Fords,Williamport,40551
917,Kristen Schroeder,85665 Justin Lake Suite 433,New Amandafort,74976
918,Carlos Navarro,32913 Shea Views Apt. 600,New Deborahshire,70440
919,Kristin Wilkins,06703 Mason Pine,West Bryceville,10967
920,Cheryl Powell,5461 Hardy Fords,South Elizabethfurt,35977
921,David Nelson,85139 Jennifer Plaza,South Josemouth,77734
922,Jeremy Young,87828 Casey Overpass Apt. 162,South Susan,50739
923,Christopher Jones,345 Jonathan Street Suite 051,Connerhaven,18989
924,Michelle Gray,547 Charles Extensions,West Raymondville,78473
925,John Calhoun,3731 Ann Port Suite 175,East Adriantown,78313
926,Joseph Phillips,879 Megan Inlet,Johnsonburgh,68967
927,Bruce Vargas,7563 Macias Inlet Apt. 583,Lake Amyport,44492
928,Rebecca Walker,714 Michael Expressway Apt. 556,Port Anthonymouth,67027
929,Renee Diaz,57000 Parker Route Apt. 089,North James,62546
930,Ryan Ellis,91125 Rodney Ramp Apt. 244,West William,76803
931,Joshua Lopez,591 Oneal Place,Victoriastad,44275
932,John Garcia,37405 Carey Lights,Emilyburgh,15874
933,Stephanie Brooks,7222 Lang Lodge,Nancymouth,18197
934,Angela Herrera,38461 Davies Crescent,New Patricia,92507
935,Holly Berry,621 Katherine Wells,North Samuelberg,52560
936,Shawn Wood,709 Joshua Parks Apt. 456,Deborahfort,86821
937,Deanna Robinson,5769 Scott Bridge,Burnettchester,37491
938,Larry Hughes,7306 Barnes Hollow Suite 503,Daviston,10263
939,Anne Richards,248 Deborah Creek Apt. 566,East Jasonview,73812
940,David Mueller,34581 Jose Shoal,East Laura,01259
941,Cynthia Orr,299 Jensen Crescent,Lindsaybury,92639
942,Mary Allen,32328 David Haven Apt. 382,South Michael,01363
943,Sarah Bowen,602 Martinez Burgs,Denisebury,06794
944,Megan Copeland,517 Mckenzie Harbors Suite 768,South Bobbyview,73248
945,Michelle Vargas,129 Katherine Forges Apt. 609,Flemingport,14903
946,Douglas Warren,17509 Jason Circles,North Katherineville,28665
947,Rebecca Rodriguez,94766 Snyder Isle,South Nicole,63302
948,Nicole Jackson,9554 George Curve Apt. 670,Cheryltown,66496
949,Matthew Terrell,75506 Day Tunnel,North Kelseyville,80258
950,Robert Long,8006 Sharon Rue Apt. 208,Lake Beverly,20596
951,Maurice Peters,97597 Jackson Roads Apt. 796,South Alyssastad,87320
952,Jimmy Reed,741 Castillo Orchard Suite 260,Ericland,78021
953,Heather Henson,56262 Johnny Radial Apt. 238,Williamsfort,69955
954,Kevin Richardson,0043 Kim Ports,Port Julie,30648
955,Antonio Wheeler,6668 William Circle Suite 789,South Corey,75527
956,Angela Black,23686 Johnny Isle Suite 136,Stevensburgh,27627
957,Gina Lowe,0768 John Isle,North Stephanie,93367
958,Matthew Brown,4387 Jason Valley Suite 611,Port Dean,28946
959,Elizabeth Nash,160 Blanchard Brooks Apt. 315,New Garystad,22861
960,Kevin Allen,900 James Brooks,North Leon,13137
961,Jason Drake,802 Brown Square,Port Angela,40626
962,Kyle Guzman,373 Lindsey Mission Suite 712,Kevinmouth,12329
963,Zachary Nguyen,7509 Sullivan Spur Suite 765,West Jonathon,20611
964,Joseph Porter,42521 Danielle Wells,Kimberlyborough,79748
965,Mr. Joseph Mullins,93073 Steele Harbors Apt. 097,Roachshire,75622
966,Lauren Fischer,760 Ruiz Gardens,North Jaredberg,36006
967,Michael Day,826 Melton Row,New Yesenia,40079
968,Walter Nash,47590 Campbell Station,New Andrea,81549
969,Joe Clark,0845 Murphy Cape Apt. 280,Lake Michael,56204
970,Holly Hobbs,5947 David Passage,Taylorville,85186
971,Sarah Walker,31233 Hurst Village Suite 040,East Theresa,01557
972,Susan Cisneros,17311 Jessica Fort Apt. 552,Charleshaven,44441
973,Peter Franklin,165 Aaron Terrace Suite 954,West Ryanborough,59433
974,Timothy Dodson,64748 Mitchell Rapid,West Amymouth,60048
975,Carl Palmer,01880 Reese Prairie Suite 598,Barretttown,58774
976,Anthony Harmon,09279 Debra Drive Suite 508,South Thomas,63370
977,Lisa Newman,244 Goodwin Mews,West Colleen,04358
978,Barbara Richard,5824 English Port,South Eric,58046
979,Jacob Garrett,74867 Tyler Isle,Stephensonmouth,81513
980,Brandon May DVM,66041 Yolanda Rapids,New Shawn,36766
981,Jordan Waters,23206 Lindsay Walk,Parkfurt,22642
982,Jessica Clark,515 Henderson Mountain,Kirbyborough,68391
983,Linda Quinn,33317 Bell Fords Apt. 366,Lake Rebeccaberg,36932
984,Brent Chen III,87871 Emily Ranch Apt. 518,New James,25675
985,Michael Christian,5290 Rodney Centers,Amyton,88862
986,Matthew Smith,1507 Anderson Junction,South Patriciafurt,01025
987,Kathleen Hensley,744 Victor Park Apt. 849,Grantberg,07506
988,Wendy Fuller,36387 Perkins Harbors Suite 955,Port Marthamouth,42572
989,Deborah Abbott,8927 Kyle Lane Apt. 396,East Denise,23657
990,Maria David,41022 Kramer Drives,Brownberg,64541
991,Vanessa Fleming,59349 Stevenson Valleys,Port Michealburgh,31787
992,Mason Nielsen,660 Simmons Gateway Apt. 577,Thompsonview,17348
993,Randall Murray,6202 Bernard Port Suite 768,Lake Michelleborough,28686
994,Susan Atkinson,4908 Lee Plaza,Vaughnport,06179
995,Jacob Tucker,761 Booth Passage Apt. 963,Hudsonborough,41852
996,Kim Lane,96415 Kelly Mission Apt. 030,Rollinsmouth,01436
997,Amanda Reyes,592 Palmer Knoll,New Timothyview,56621
998,Randy Rogers,9680 Mark Fork,North Keithtown,17301
999,Andrew Campbell,01052 Henderson Avenue Apt. 155,Port Peterchester,55679
1000,Shelby Horne,73508 Evans Unions Apt. 996,Shawnhaven,28986
1001,Jasmine Lee,2638 Pace Streets Apt. 513,West Michaeltown,20100
