,name,city
0,Big Bird,Fakeville
1,Tina Edwards,New Christopher
2,Amber Chavez,North Michael
3,Lisa Villegas,South Jill
4,Lance Garcia,Amberton
5,Gabriella Shah,Holmesside
6,Rebecca Gregory,Reyesburgh
7,Zachary Wallace,South Cassieland
8,Mark Hamilton,East William
9,Cheryl Le,East Shelby
10,William Jensen,Catherinetown
11,Tina Barber,South Jamestown
12,Lacey Anderson,Parkerland
13,Tyler Hall,Port Samanthahaven
14,Christopher May,Paulmouth
15,Todd Ruiz,Jonesfort
16,Virginia Livingston,Patrickview
17,Larry Parker III,Robertborough
18,Diana Baker,Dudleyville
19,Maria Hawkins,Amberville
20,Patrick Miranda,East John
21,Denise Roy DVM,West Adam
22,Pamela Li,Janetview
23,Lisa Mosley DDS,North Samanthaport
24,Matthew Simmons,Port Keith
25,Danielle Mclaughlin,Osbornehaven
26,Julia Gonzales,Jacksonville
27,Joseph Russell,Beckyfurt
28,Michael Hodge DVM,West Timothystad
29,Mary Anderson,West Janiceborough
30,Victor Higgins,Richardshire
31,William Andrade,Dixonburgh
32,Tiffany Moore,Normanside
33,Laurie Johnson,Port Morgan
34,James Mullins,Sandersburgh
35,Dr. Alexander Vang DDS,Rodriguezburgh
36,Rachel Dodson,East Catherine
37,Sarah Fisher,East Kendraville
38,Megan Davis,Maciasland
39,Diana Austin,Leslieborough
40,Monique Gonzalez,Brianfurt
41,Jerome Perez,Johntown
42,Jacqueline Howell,Millerview
43,Nicholas Robinson,Port Kellishire
44,Andrew Schneider,East Ashley
45,Kristy Jones,New Stephenburgh
46,Olivia Andrews,Andrewsstad
47,Sarah Sanders,Wongborough
48,Thomas Murray,Timothymouth
49,Tina Taylor,Port Briannaberg
50,Raymond Miller,South Heather
51,April Vasquez,Heatherside
52,Christopher Yang,New Ashleyland
53,Steven Davenport,East Nancy
54,Melvin Reynolds,South Morgan
55,Angela Norman,Robinsonfort
56,Vincent Ellis,Mcdanielfurt
57,Edward Shannon II,North Melissa
58,Barbara White,Port David
59,Jennifer Gould,New Cynthia
60,Steven Allen,Spencerport
61,Joseph Gutierrez,Riosmouth
62,Thomas Kennedy,East Joshuahaven
63,Phillip Sanchez,Danielville
64,Ryan Byrd,West Christopher
65,Anne Anderson,Williamberg
66,Michael Williams,Bondville
67,David Owens,Lake Jonathantown
68,Savannah Evans,New Thomasmouth
69,Gregory Smith,Smithville
70,Lisa Shaw,South Danielhaven
71,Chad Palmer,West Ryan
72,Allison Miller,South Melanie
73,Oscar Evans,Frazierland
74,Amber Baker,Jonathantown
75,Joshua Hansen,Wallacefort
76,Peter Campos,North Aprilfurt
77,Amanda Oconnor,North John
78,Michael Vang,Stevensland
79,Jamie Gilbert,West Mary
80,Donald Stanley,Stephenbury
81,Brittney Lynch,East Stacy
82,David Barton,Lake Daniel
83,Elizabeth Rodriguez,West Debbieville
84,Cody Golden,New Brian
85,Charles Richmond,South Frankland
86,Kelly Lamb,Amandaberg
87,Candice Henry,New Austinchester
88,Tammy Thompson,Brianfort
89,Brian Wiggins,Holtmouth
90,Lori Richard,Port Aliciastad
91,Michael Evans,Lake Lindsey
92,Gina Brown,East Lisa
93,Jeremy Church,Christineshire
94,Amanda Mullins DVM,Ortizberg
95,Janice Evans,West David
96,James Thornton,Hollyside
97,Nicole Craig,West James
98,Jason West,Leahburgh
99,Julie Holland,Lake Michaelberg
100,Julia Marsh,West Dale
101,Leslie Underwood,Christopherport
102,Victor Fowler,Jarviston
103,Robert Mcknight,Wilsonside
104,Edward Sullivan,Stuartborough
105,Aaron Torres,Port Timothyshire
106,George Scott,Jeffreyburgh
107,Kathleen Mason,Christopherport
108,Michael Smith,New Jill
109,Nicole Ross,Davistown
110,Christopher Smith,North Bethbury
111,Scott Morgan,Port Michael
112,Gregory Powell,North Christine
113,Keith Taylor,East Juliemouth
114,Jessica Bautista,Lake Markstad
115,James Gates,South Robert
116,James Rodriguez,North Colin
117,Christina Gonzalez,Wendyville
118,Christopher Butler,Walshville
119,Alyssa James,Cassidyview
120,Mr. Joseph Cooper,North Shawnland
121,Shaun Smith,North John
122,Susan Hernandez,West Edward
123,Eric Roth,Aprilbury
124,Shirley Parks,Stevenville
125,Johnny Fletcher,Amandaview
126,Daniel Barber,Michaelport
127,Meagan Martin,Roymouth
128,Ashley Aguilar,East Melanieville
129,Mary Anderson,North Casey
130,Dr. Kathryn Miller,Johnton
131,Mrs. Stacy Lambert,Port Mariaside
132,Daniel Carr,Perkinsborough
133,Jack Perez,North Jameshaven
134,Amber Jones,Wilsonside
135,Mary Burke,Lake Alexanderberg
136,Ashley Murphy,Smithchester
137,John Lambert,Thomasburgh
138,April Long,Port Kimberlyshire
139,Jason Gutierrez,Amandafort
140,William Caldwell,Marcusborough
141,Brian Mays,West Matthewmouth
142,Bernard Pittman,North John
143,Brianna Robertson,Christytown
144,Sara Herrera,Port Lauren
145,Jordan Phillips,Rickfurt
146,Juan Sweeney,Lake Jesusfurt
147,Jenny Riley MD,Port Michaelhaven
148,Jennifer Patel,West Elizabethton
149,Brandy Wells,East Dianastad
150,Carl Rivera,East Tamaramouth
151,Karen Collins,North Charles
152,Brian Williams,New Michelebury
153,Jennifer Hamilton,New Louis
154,Thomas Jackson,Whitechester
155,Michael Lloyd,West Brandon
156,Richard Harrington,New Michaelstad
157,Frank Pugh,South Brian
158,Monique Contreras,Watsonfurt
159,Peter Fuentes,Lake Vanessa
160,Donald Cox,New Jonathan
161,Calvin Martinez,Melissatown
162,Shannon Johnson,Jacobsshire
163,Jack Cannon DDS,Billymouth
164,Richard Palmer,West Kayla
165,Zoe Vance,Thomasfurt
166,Anna Sanders,Timothyport
167,Michael Fields,Michaelside
168,Nicole Ramos,Port Emma
169,Pamela Garcia,Bakerborough
170,Amanda Duffy,Port Kimberlyton
171,Nicholas Juarez,Baileyview
172,Kathleen Murray,North Robinport
173,Maria Ewing,Port Marc
174,Sean Jones,Jeremybury
175,Jim Scott,Hannahmouth
176,Patricia Boyd,Jenkinsville
177,Audrey Brown,Geraldmouth
178,Cody Adams,Porterhaven
179,Andrew Williams,Sarahberg
180,Robert Knox,Johnsonchester
181,Susan Young,East Jessicatown
182,Robert Graves,Russellfort
183,Krystal Moreno,North Amychester
184,Scott Howard,Perezborough
185,Jason Francis,Port Pamelamouth
186,Angela Williams,Samanthaborough
187,Daniel Bowers,Richardsonport
188,Scott Cooper,Christopherburgh
189,Debra Mann,Lake Jennifer
190,Tiffany Alvarado,West Loganstad
191,Angela Woods,New Jonathon
192,Stephen Cook,Berryshire
193,Stephen Ward,New Sarahview
194,Henry Bowen,Ayalashire
195,Penny Jackson,Markmouth
196,Sandra Gutierrez,West Sylvia
197,Jason Diaz,East Williamburgh
198,Jessica Cook,Taylorview
199,Karen Drake,Craigmouth
200,Crystal Hartman,Sloanview
201,Elizabeth Jones,Port Anneview
202,Amber Montgomery,East Michael
203,Samantha Williamson,South Alex
204,Claudia Diaz,Amyland
205,Ashley Neal,Douglasmouth
206,Krista Kim,North Alan
207,William Hardy,South Williamburgh
208,Christopher Christian,Thomasbury
209,Shannon Maddox,Vegashire
210,Andrew Anderson IV,South Christineport
211,Aaron Shaw,East Kennethmouth
212,Stephanie Weeks,Lake Darrellhaven
213,Shelley Walsh,Heathmouth
214,Wendy Lane,Maymouth
215,Jeffrey Sims,Lanemouth
216,Michelle Adams,South Timothyborough
217,Levi Chambers,Gregorybury
218,Angela Simmons,West Brandonburgh
219,Ronald Martinez,Kathrynside
220,Brian Wagner,New Jennifer
221,Whitney Lewis,Codyport
222,Melissa Lopez,Lake Jennifermouth
223,Mary Christensen,Krausehaven
224,Selena Jones,Ellisport
225,Melissa Johnson,New David
226,Patrick Brown,Lewisview
227,Michael Tucker,New Julie
228,Barbara Green,South Jeffery
229,Terrence Gomez,Jacksonbury
230,Tyler Hernandez,West Annland
231,John Johnson,Soniaton
232,Charles Williams,Royland
233,Mr. Richard Melendez,Jamesland
234,Micheal Harvey,Chasemouth
235,Anthony Nelson,Wilsonside
236,Ariel Goodman,Matthewhaven
237,Kimberly Boyer,West Karlchester
238,James Williams,West Melissa
239,Elizabeth Shelton,Stuartfort
240,Kelsey Chapman,New James
241,Lisa Chavez,Lake Williamview
242,Jillian Robinson,West Frank
243,Jason Navarro,Lake Jonathan
244,David Ballard,North Carrietown
245,Mathew Mejia,Lake Rachel
246,Jennifer Webb,Mariastad
247,Peter Wilson,Kaneborough
248,Cynthia Cervantes,South Troyport
249,Heather Hughes,Gabrielaside
250,Keith Harrington,Port Caroline
251,Peter Calhoun,South Jonathan
252,Katherine Huber,East Jessica
253,Joseph Barnett,North Ericview
254,Kim Zavala,Davisside
255,Tanya Brennan,Brownland
256,Randall Holt,Amberton
257,Henry Brown,Lake Aaronport
258,Amanda Leblanc,Keithhaven
259,Mike Sawyer,Jenniferstad
260,Jake Garcia,South Elizabeth
261,Dale Floyd,Robertview
262,Heather Howard,South Richard
263,Jeffery Aguilar,Haasbury
264,Justin Barton,Port Troy
265,Ashley Bond,Gonzalezside
266,Alicia Davis,Howellfort
267,Nicole Peterson,Carterton
268,Alicia Nelson,North Tammy
269,Hector Adams,South Jason
270,Ryan Munoz,East Jose
271,Shawn Obrien,Lake Austinton
272,Kathleen Wise,West Laurenfurt
273,Samantha Hobbs,Danabury
274,Lynn Hawkins,Davidberg
275,Emma Bryan,East Hannah
276,Alexandra Horn,Port Richard
277,Raymond Lee,New Thomasborough
278,Julian Brown,New Charlenefurt
279,Nancy Welch,Port Amber
280,Angela Cantrell,Samanthaton
281,Edward Aguirre,Port Carolynbury
282,Pamela Cruz,Lake Lawrencemouth
283,Brandon Mejia,Jamesside
284,Kenneth Morris,East Bethmouth
285,Meagan Harrison,New Aliciaberg
286,Cynthia Norman,North Kristinfurt
287,Tonya Smith,Martinezland
288,Brooke Baker,East Bernardside
289,Nicole Anderson,South Kevin
290,Kenneth Howard,Port Austinview
291,Larry Torres Jr.,South Courtney
292,Bianca Mcintosh,Lake Caleb
293,William Taylor,Port Masonshire
294,Lawrence Armstrong,Lake Kristi
295,Jessica Jackson,Lopezburgh
296,Kevin Campbell,Marystad
297,Chloe Ruiz,North Jonathan
298,Nicole Hanson,Browningside
299,Melissa Munoz,New Brandonshire
300,Casey Spencer,South Denise
301,Sheryl Waller,South Elizabeth
302,Shannon Haley,Kellytown
303,Joshua Taylor,Diamondchester
304,Cristina Fisher,Burkeberg
305,Amy Davis,East Davidfort
306,Robert Howard,Robertsberg
307,Mark Brown,Sharonchester
308,Courtney Faulkner,West Cathy
309,James Logan,Angelaberg
310,Jeffrey Scott,New Dalton
311,Craig Williamson,Oconnorshire
312,Kenneth Wheeler,Garciachester
313,Patricia Irwin,Jacobfurt
314,Sean Weeks,Wilsonburgh
315,Nancy Malone,Hansenburgh
316,Crystal Ferguson,West Teresa
317,Joseph Kim,New Wendyhaven
318,Tina Smith,Nathanstad
319,Christina Finley,Crawfordborough
320,Steven Griffin,Robertfort
321,Jeffrey Young,Robertfort
322,Sara Hansen,Flowersshire
323,Joseph Howard,Stevenview
324,Pamela Perez,North Barbara
325,Kimberly Thompson,North Haileybury
326,Wendy Ward,South John
327,Katherine Hunter,Savageberg
328,Carrie Reese,Lopeztown
329,Lisa Hill,Port Christine
330,Sarah Silva DVM,East Stephanie
331,Mark Anderson,Port Steven
332,Jessica Rice,Andersonburgh
333,John Hernandez,Andersonborough
334,Brian Ramirez,Lake Jessicaborough
335,Christopher Parker MD,Markchester
336,Richard Ryan,Fullerbury
337,David Evans,Port Brad
338,Melissa Turner,New Jessicaborough
339,Elizabeth Berry,Romerotown
340,Sarah Alexander,West Catherine
341,Mr. Nathaniel Willis,Kevinborough
342,Samantha Hale,Lake Michael
343,Robert Long,Hawkinsstad
344,Mrs. Kimberly Middleton MD,Port Yesenia
345,Pamela Perry,North Michaelfort
346,Jose Garcia Jr.,Robertside
347,Jessica Williams,West Keith
348,Marcus Jennings,Sandrabury
349,Shane Fitzpatrick,North Patrick
350,Jacqueline Bradshaw,Mcphersonport
351,Dr. Vincent Brown II,East Debra
352,Edwin Davis,Frostfort
353,Cody Salinas,East Nathanfort
354,Joseph Willis,Gonzalesburgh
355,Robert Garcia,East Tracystad
356,Joseph Scott,North Michaeltown
357,Jason Lee,North Johnfort
358,Lynn Cardenas,Port Karen
359,Brandon Mcmillan,East Sheila
360,Darlene Andrews,Robinmouth
361,Jacob Cantu,Danielsland
362,William Lee,West Brandy
363,Michael Turner,South Joshuaside
364,Cristina Marshall,Micheleshire
365,Kevin Brown,West Troymouth
366,Jesse Richards,Christinefort
367,Jennifer Pierce,South Jillian
368,Brian Soto,East Michelle
369,Eugene Baker,Caldwellborough
370,Rita Patel,Bethmouth
371,Justin Smith,Lake Megan
372,Shaun James,North Sandymouth
373,Sheila Gardner,South Elizabeth
374,Rebecca Morris,Heathertown
375,James Jones,Elizabethton
376,Tyler Watkins,Hufffort
377,Katelyn Mcdowell,Bartonland
378,Jeremy Gonzales,Harmonbury
379,Maria Johnston,Elizabethchester
380,Kaitlyn Payne,Claystad
381,Tina Moreno,Lake Scotthaven
382,Michael Jefferson,New Joshuashire
383,John Jimenez,West Williamville
384,Mark Wade,Patriciaborough
385,Daniel Pollard,Reesebury
386,Samuel Nelson,Wandaview
387,David Harvey,East Paul
388,Jennifer Hernandez,East Jenniferport
389,Erin Anderson,North Daniellefurt
390,Robert Gomez,North Audreytown
391,Jeremy Tapia,Robinsonton
392,Lance Miles PhD,Robinport
393,Jennifer Johnson,Youngburgh
394,Veronica White,Port Robin
395,Cole Pratt,West Daniel
396,Sarah George,Lake Jamie
397,Diana Kirby,Brandonville
398,William Alexander,Beasleyberg
399,Jennifer Mata,East Darrylport
400,Samuel Frederick,West Jasonbury
401,Charles Harper,West Angela
402,Victor Henry,Brownborough
403,Lindsay Duran,Donnastad
404,Janet Ruiz,North Coreybury
405,Rachel Walker,South Michelle
406,Ashley Hurley,North Dillonview
407,Martin Baker,Jamestown
408,Nicholas Bryan,North Wendy
409,Yolanda Wilson,Johnshire
410,Michael Morris,New Justinview
411,Manuel Webster,South Hailey
412,John Marshall,Lake Jamestown
413,Sarah Levine,Davidfort
414,James Santiago,New Tiffanyfort
415,Kelsey Martin,Lake Mark
416,Kara Pena,New Caseyport
417,Toni Weber,Montesberg
418,Dean Jones,Sarahtown
419,Kathleen Diaz,Norrisborough
420,Carmen Thomas,Meyerberg
421,Douglas Johnson,Davidborough
422,Matthew Moore,New Timothyton
423,Julie Cantu,Lindamouth
424,Cynthia Kelly,Port Thomasstad
425,Sydney Sharp,Port Rachelmouth
426,Taylor Blair,Lynchview
427,Susan Morse,Elizabethchester
428,Richard Miller,New Michelleberg
429,Lydia Wright,Shanetown
430,Amanda Grant,East Bradleyborough
431,Melissa Johnson,South Andrewbury
432,Matthew Miller,Brentshire
433,Michael Thomas,Smithtown
434,Kimberly Johnson,South Kevin
435,Sarah Thompson,South Kathrynville
436,Timothy Murphy,West Michael
437,Ryan Houston,South Holly
438,Isabel Miller,Jenniferburgh
439,Brittany Garrett,New Joanne
440,Melissa Smith,North Elizabethmouth
441,Luke Lee,Stricklandbury
442,Christopher Houston,Mayside
443,Alexander Smith,East Jessica
444,Carolyn Hall,Schwartzbury
445,Sierra Petersen,Wareborough
446,Audrey Walton,Alexisport
447,Katherine Sharp,Johnsonshire
448,Michael Buck,Elizabethhaven
449,Todd Allen,East Jessicahaven
450,David Reyes,Andersonburgh
451,Brenda Foster,Port Sean
452,Mrs. Kelli Ross MD,Riosland
453,Joanna Dickson,Parkton
454,Tanner Randolph,Katherinefort
455,Daniel Perez,Brookehaven
456,Hannah Mclean,North Markburgh
457,Jared Galvan,Lake Michael
458,Danielle Sanders,Port Angelaland
459,Rebecca Oneill,New Elizabeth
460,Joseph Ward,Derekberg
461,Sandra Mcknight,Wrightborough
462,Richard Clark,Youngville
463,Xavier Williams,Burtonside
464,Ms. Rebecca Norris,Lake Antonio
465,Thomas Williams,Robinborough
466,Jamie Pena,Webbfort
467,Stephanie Pace,South Micheal
468,Thomas Phillips,Alexandramouth
469,Manuel Williams,Amberborough
470,Joshua Ibarra,Matthewhaven
471,Donald Brown,Port Emilymouth
472,John Jones,Lake Heather
473,Laura Hall,South Jasonshire
474,Lawrence Jordan,Lake Lorimouth
475,Chase Mason,Laurieshire
476,Rebecca Beck,Hunterville
477,Corey Cowan,West Stephen
478,Hannah Buchanan,Courtneymouth
479,Daniel Tucker,Shawnville
480,Collin Miller,South Marcview
481,Scott Walker,Michaelview
482,Peter Davis,Melissaland
483,Jordan Brown,Port Joseph
484,Grace Jones,Amybury
485,Michael Clark,South Roseborough
486,Michele Hunt,Stevenview
487,Angela Allen,New Meghanton
488,Amy Jones,West Brianview
489,Sarah Klein,East Jillianside
490,Gregory Yoder,Douglasfort
491,Emily Rocha,Port Tammyshire
492,Robert Cooper,East Henryberg
493,Jerry Stuart,East Ericland
494,Priscilla Contreras,Thompsonhaven
495,Alec Todd,North Thomasborough
496,Arthur Garcia,Kimberlyshire
497,Casey Stokes,Andreatown
498,Melinda Valentine,Isabellafurt
499,Amy Knapp,Kylebury
500,Jason Andrews,Jessicabury
501,Courtney Clark,North Toddshire
502,Alan Olson,East Jose
503,Anita Franklin,Benjaminview
504,Richard Brown,Jeanettechester
505,Emily Perez,North Matthewmouth
506,Kelly Black,Kelleyland
507,Jody Jordan,Port Christina
508,Lindsey Wheeler,Johnside
509,Kelly Crawford,Lake Caleb
510,Zachary Garrett,Lisaborough
511,Eric Oneal,East Vanessaland
512,Luke Jones Jr.,Tammychester
513,Geoffrey Nelson,West Brooke
514,Jason Randolph II,West David
515,Nicole Green,Phillipsshire
516,Alexander Bradley,New Christine
517,Jessica Mays,Stephenside
518,Jennifer Obrien,Lake Kyle
519,Ann Diaz,Murphyville
520,Brian Humphrey,Port Christopherfort
521,Gabriel Garcia,West Marymouth
522,David Glenn,Lake Aaronbury
523,Mark Garcia,West Kimberly
524,Rita Murray,Morrowstad
525,Brianna Spencer,Jesusmouth
526,Mr. Willie Cherry,Lake Coreyside
527,Deborah Cooper,Port Scott
528,Brittany Rangel,Pamelaburgh
529,Danielle Perez,Lake Carlos
530,Heather Santiago,Lindseyfort
531,Pamela Scott,Tiffanymouth
532,Adrian Richards,Tammyfurt
533,Annette Smith,Johnsonborough
534,Maria Hopkins,New Dannybury
535,Alicia Davenport,Tarahaven
536,Adam Allen,West Brenda
537,Leah Grimes,Palmerview
538,Mrs. Emily Mills,East Judith
539,Zachary Meza,North Adam
540,Sheila Meadows,Port Peggytown
541,Nicole Green,New Elizabethchester
542,Rhonda Hansen,South Angela
543,Courtney Nguyen,Timothyport
544,Sandra Smith,East Priscilla
545,Lisa Estrada,North Scottfurt
546,Kenneth Knapp,Alexisland
547,Kevin Williams,New Tammy
548,Sarah Estrada,South Cameron
549,John Martinez,East James
550,Briana Nichols,South Courtneyfort
551,Michelle Clarke,South Lancemouth
552,Amanda Campbell,Port Jennifer
553,Christopher Wilson,North Jenniferborough
554,Donald Lewis,Jesseborough
555,Brian Pierce,Lake Ashleyview
556,Eric Hamilton,Alexanderhaven
557,Michael Wilcox,Coletown
558,James Wagner,Mistybury
559,Michelle Best,New Bettychester
560,Heather Campbell,New Rebeccafurt
561,James Petersen,South Jonathanport
562,Lisa Cross,New Sarahtown
563,Laura Lane,Andersonberg
564,Diana Cabrera,South Andreamouth
565,Brenda Taylor,West Courtney
566,Jill Le,West Troy
567,Michael Sharp,Port Christophertown
568,Mr. Lucas Hamilton,Tiffanyborough
569,Ashley Hicks,Jeffreymouth
570,Clifford Pearson,Victoriaview
571,Mary Newman,Mariahaven
572,Shawn Ho,Greenhaven
573,Curtis Moss,Kruegerland
574,Kimberly Vaughan,Travistown
575,Laura Castillo,Shirleyton
576,Antonio Mullen,New Alexandraville
577,Suzanne Coffey,Aaronport
578,John Young,South Patriciahaven
579,Erin Mccoy,Rushhaven
580,Holly Thomas,Jenniferville
581,Stephanie Myers,Dennisside
582,Zachary White,Michaelbury
583,Michael Brown,Christopherfurt
584,Julie Olson,Laurieberg
585,Erika Case,Morrishaven
586,Holly Bowers,Port Kimberly
587,Edward Norris,Christophershire
588,Curtis Lane,Tanyashire
589,Laura Rivera MD,New Jason
590,Pamela Welch,New Michelle
591,David Torres,East Richard
592,Jessica Bailey,Cherylberg
593,Kenneth Hall,Lake Samuelfurt
594,Katelyn Brown,Allentown
595,Christina Tucker,Mcmillanland
596,Theresa Henderson,Carolhaven
597,Angela Torres,East Lauren
598,Miss April Solis DVM,Harriston
599,Colton Thompson,Bellberg
600,Rodney Hendricks,Knoxstad
601,Michelle Jones,Greeneland
602,Alexis Stanley,North Johnny
603,Corey Rice,West Courtneybury
604,Tonya Morris,New David
605,Tamara Smith,Lake Adam
606,Kyle Logan II,Cainton
607,James Mcclure,North Jamie
608,Danielle Brady,Danielletown
609,Diana Jones,Brianfurt
610,Paula Lynn,East Geraldshire
611,Michael Rogers,Amandaborough
612,Kelly Curry,New Phillipport
613,Paula Adams MD,Lyonsstad
614,John Berry,Carmenland
615,Nicole Martinez,Davisshire
616,David Christensen,Walkermouth
617,Nathan Williams,West Andrewland
618,Brian Davis,Peterton
619,Emily Brown,Wilcoxview
620,Samantha Hull,Delgadoton
621,Charles Chambers,Herreratown
622,Richard Stevens,North Charlesfort
623,Arthur Young,Port Gregory
624,Andrew Smith,New James
625,Emily Green,Joshuamouth
626,Denise Thornton,Connerborough
627,Alexa Hanson,South John
628,Kyle Hawkins,Buckleyview
629,Robert Thomas,Haydenfort
630,Daniel Richards,Josephside
631,Jean Obrien,New Cherylmouth
632,John Lopez,South Raymond
633,Stacy Daniels,Port Aprilton
634,Justin Marshall,Port Kimberlyfurt
635,Emily Gonzalez,Harristown
636,Randy Greene,Rodriguezmouth
637,Daniel Garcia,Boydfort
638,Samuel Garrison,Port Todd
639,Matthew Garcia,Alexandermouth
640,Laura Lynch,East Robynchester
641,Justin Jones,East Katherinehaven
642,Grace Morrow,West Deanna
643,Erin Ward,Kristenstad
644,Tara Abbott,Armstrongmouth
645,Kristen Koch,Bonniemouth
646,Sara Cox,West Michellehaven
647,Roberto Wallace,New Jonathan
648,Teresa Andrews,Port Ericland
649,Megan Weaver,West Sydneyfort
650,Kyle Riley,Hallbury
651,Bobby Keller,Lake Wendyhaven
652,Pamela Vang,Jennifershire
653,Andre King,Thomasfurt
654,Heidi Long,Allenshire
655,Blake Avila,New Jose
656,Brandon Herman,Norrishaven
657,Jamie Moore,North Heather
658,Virginia Lewis,Ericaview
659,Mary Smith,Davischester
660,David Galvan,North William
661,Nicholas Torres,West Kelseyshire
662,Robert Freeman,East Stephenstad
663,Seth Nichols,South Ericmouth
664,Jeffrey Smith,South Ryantown
665,Aaron Vargas,Lake Victor
666,Daniel Campbell,North Davidborough
667,Anna Scott,Lambertland
668,Jennifer Walls,Grimesfurt
669,Jennifer Tran,Elliston
670,David Hansen,West Kimberly
671,Alexander Randall,Paulaton
672,Jessica Mcknight,South Samanthamouth
673,Janet Cook,Aprilmouth
674,Jacob Greene,Port Jayburgh
675,Allison Rowe,New Tamara
676,Travis Bond,Lisafurt
677,Pamela Sandoval,Juliefurt
678,Maria Sweeney,Adrienneside
679,Benjamin Perkins,Lake Brianville
680,Christopher Hill,Davisport
681,Steven Wong,Savannahport
682,Joseph Williams,North Lindsey
683,Darrell Bennett,Smithland
684,Bryan Whitney,Port Tinaside
685,Jose Johnson,West Thomasbury
686,Sheila White,Johnsonborough
687,Matthew Martinez,South Saraberg
688,Jason Watts,West Tiffany
689,Jessica Turner,North Scottfort
690,John Davis,Johnsonstad
691,Chad Parks,Estradaside
692,Sheryl Jones,Vargasmouth
693,William Freeman,New Connormouth
694,Madison Campbell,East Tracymouth
695,Terri Lopez,Matthewport
696,Vanessa Miles,North Jacob
697,Gerald Cruz,West Mark
698,Megan Henderson,Andrewville
699,Michael Aguilar,West Rachel
700,Sara Howard,West Spencer
701,Tonya Wells,Nancyfurt
702,William Moran,West Biancachester
703,Diana Thompson,Amyhaven
704,Aaron Flores,Mcgrathtown
705,Samantha Anderson,Nicoleville
706,Michelle Rose,South Collin
707,Lisa Weaver,Moniqueburgh
708,William Jones,West Rebeccastad
709,Thomas Evans,West Sean
710,Andrew Watson,West Sarah
711,Andrea Garrison,Hugheston
712,Christopher Wood,Port Michellebury
713,Evelyn Matthews,Lake Laura
714,James Clayton,Bushberg
715,Penny Stone,Lake Ashleychester
716,Jake Bray,South Scotthaven
717,Dawn Hurst,North Wendy
718,John Hunter,New Lauren
719,Makayla Davis,North Jennifer
720,Stephanie Warren,West Lauren
721,Bryan Brock,West Michael
722,Christopher Myers,West Calvinview
723,Jillian Walsh,Matthewview
724,Russell Douglas,Jasmineshire
725,Michelle Novak,Juanchester
726,Sara Morales,Port Stacy
727,Katherine Short,Port Cassandrastad
728,Andre Holmes,East Charlesshire
729,Michelle Thomas,Josephberg
730,Ashley Peterson,North Jeffrey
731,Mitchell Allen,South Mariah
732,Sherri Robinson PhD,North Mark
733,John Rodriguez,East Jennaton
734,Linda Byrd,North Virginia
735,Michele Hampton,Matthewschester
736,Leonard Hernandez,New Carrie
737,Shane Mills,Port Emilytown
738,Holly Boyd,Port Kristen
739,Jeremy Johnson,Gutierrezberg
740,Jeremy Sullivan,New Thomas
741,Alexander Mayer,Port Spencer
742,Erica Barnes,South Joseph
743,Robert Murray,North Shannonshire
744,Mark Luna,Melissaburgh
745,Jill Stafford,North Alicia
746,Anne Graves,Lake Gregory
747,Brian Bennett,Wiseburgh
748,Evan Jones,Markfurt
749,Michael Williams,Whitemouth
750,Lauren Delgado,Roseshire
751,William Powers,Priceport
752,Timothy Wong,Glennmouth
753,Justin Flynn,Sarahville
754,Misty Price,New Jaredton
755,Sarah Mason,Gibbsberg
756,Michelle Mcdowell,New Joshua
757,Ryan Butler,Ernesthaven
758,Michael Mason,Wiseside
759,William Velazquez,South Sean
760,Patrick Lewis,New Johnhaven
761,Anthony Mcconnell,Schroederview
762,Sandra Campbell,South Joshuahaven
763,Jennifer West,East Christopherfort
764,Courtney Jimenez,Cynthiaport
765,Lance Christian,West Bobbyville
766,Travis Johnson,North Christineburgh
767,Jeremiah Petersen,East Christopherhaven
768,Justin Huber,East Aprilport
769,Jack Bartlett,Elizabethbury
770,Lindsay Jackson,New Tammyfurt
771,Paul Scott,Mclaughlinport
772,Matthew Parker,New Nicholas
773,Nicholas Carlson,Lake Margaret
774,John Thomas,Jasonfurt
775,Melissa Williams MD,Sandybury
776,Jennifer Mcclure MD,Port Kaitlynberg
777,Nicholas Ford,Port Dennisshire
778,Kristina Sullivan,South Ericashire
779,Dustin Daniel,East Wendy
780,Nicholas Rogers,Port April
781,Mrs. Linda Gonzalez,Lake Robert
782,Jason Brown,Harrischester
783,Mary Swanson,Brianmouth
784,Debra Jackson,Markstad
785,Richard Flores,North Benjamin
786,Jake Singleton,Josephfort
787,Jessica Briggs,West Jennifer
788,Alison Jones,Andreville
789,Stacey Ward,Gutierrezton
790,Erica Arnold,Reyesmouth
791,Alisha Vazquez,Debbieside
792,Alex Warren,New Robert
793,Bryan Garza,South Teresamouth
794,Steven Mcdonald,Lake Kristin
795,Dr. Paul Gonzales Jr.,New Kevinport
796,Dominic Spencer,New Samanthaport
797,Heather Lynch,Port Samuelmouth
798,Steven Aguilar,Lake Sheilachester
799,Larry Newman,Petersonborough
800,Rachel Ortega,Port Jimmytown
801,Nicholas Taylor,Lake Ashleyville
802,Brian Daniels,Jamesfurt
803,Anna Lewis,Port Stephen
804,Andrew Barrett,Ethanside
805,Victoria Rhodes,Johnport
806,Sheryl Pitts,New Lindsayfurt
807,David Simpson,Port Markfort
808,Kayla Torres,North Gregory
809,Timothy Hensley,Mooremouth
810,Alyssa Moody,West Sheila
811,Eric Stewart,South Deborahville
812,Anthony Hale,West Danielleberg
813,John Thompson,Grahammouth
814,Sharon Cohen,East John
815,Angela Blair,Port Ryanville
816,Chelsey Martinez,South Javier
817,Brian Todd,Brandyport
818,Daniel Bryant,North Shawnaport
819,Sean Williams,Charlesfurt
820,Joseph Peters,North Melissastad
821,Rachael Mcdonald,East Jessica
822,Loretta Edwards,North Andrewstad
823,Ryan Chandler,West Corey
824,Karen Jackson,West Ginashire
825,Amy Lee,Schroederview
826,Elizabeth Wilkerson,Port Sherry
827,Kristy Bailey,North Jenniferchester
828,Cindy Murphy,Edwardsfurt
829,Mia Franklin,West Emilybury
830,Brandy Le,New Karenstad
831,Victor Johnson,North Ivanburgh
832,Tracy Campbell,North Melissa
833,Michael Daniel,Bryanside
834,Dana Wang,Mccluremouth
835,Ashley Butler,North Kevin
836,Dr. Natalie Robertson DDS,Rogerschester
837,Bob Wilson,Walterfort
838,Christopher Baker,North Ruth
839,Crystal Moreno,New Taylor
840,Pamela Schroeder,Gregoryside
841,Jason King,Amandaside
842,Beth Dixon DDS,Port Frederickberg
843,Anthony Ortiz,New Daniel
844,Tammy Payne,South Bryan
845,Paul Dean,Rileyland
846,Mrs. Linda Robinson,New Wendy
847,Amber Clayton,Murrayshire
848,Samantha Hatfield,Jessicashire
849,Tina Burns,Markchester
850,Karen Coleman,Choiside
851,Nicholas Rogers,West David
852,Christopher Sullivan,Christianton
853,Sarah Stokes,Harrisview
854,Jennifer Rivera,East Edward
855,Nicole Stewart,Port Alexismouth
856,Lisa Moody,Lake Anthonymouth
857,Christopher Kelly,North Randyshire
858,Joanne Jones,Simsburgh
859,Erica Campbell,Trujilloview
860,Crystal Sanders MD,North Kelly
861,Thomas Miller,Davidport
862,Dylan Long,Port Wesleytown
863,Jessica Cole,Laurabury
864,Dawn Perez,Hensonville
865,Lisa Copeland,North Kathy
866,Sarah Meyers,Davidport
867,Jessica Reyes,South David
868,Michael Curtis,Nealhaven
869,Alejandra Horne,Carlberg
870,Steven Martin,Port Amy
871,Michael Lewis,South Terrifort
872,Gregory Johnson,Williamsfort
873,Brandon Alexander,Potterburgh
874,Eduardo Brown,North Troy
875,Thomas Lowe,New Melanie
876,Elizabeth Berger,Charlesburgh
877,Diane Miller,South Troyfort
878,Travis Hatfield,North Jillianchester
879,Tyrone Johnson,Mcdonaldmouth
880,Phillip Hinton,Harrisstad
881,Timothy Cunningham PhD,East Greg
882,Mr. Corey Kerr MD,Medinashire
883,Samuel Paul,Pattersonfurt
884,Melissa Mccall,Martineztown
885,Adam Coleman,West Andrestad
886,Tracie Conner,Meganton
887,David Graves,New Sethstad
888,Linda Terrell,Mollyview
889,Kristine Snyder,Charlesburgh
890,Kathryn Coleman,West Tinastad
891,Keith Yu,South Randy
892,Brent Mcmahon,Nathanberg
893,Charles Copeland,West Teresa
894,Sabrina Turner,Andrewtown
895,David Cox,Kathrynmouth
896,Kevin Clayton,Reginaldville
897,Pamela Bentley,Lake Dylanport
898,Denise Wells,Briantown
899,Peter Jones,Taylorberg
900,Gene Smith,Gloverstad
901,Jonathan Smith,Hernandezfurt
902,Jay Jackson,East Tonyaton
903,Holly Smith,Lake Crystal
904,Erin Guzman,New Jessicabury
905,Crystal Farrell,Curtishaven
906,Daniel Burgess,West Natalieport
907,Amanda Davis,Shannonport
908,Susan Turner,Farmerhaven
909,Jared Fletcher,West Holly
910,Roy Washington,Scottshire
911,Robert Luna,Adamsmouth
912,Keith Hoffman,Greeneland
913,Brandi Nolan,Reyeston
914,Mark Waller,Stephaniefurt
915,Connie Cook,Williamport
916,Kristen Schroeder,New Amandafort
917,Carlos Navarro,New Deborahshire
918,Kristin Wilkins,West Bryceville
919,Cheryl Powell,South Elizabethfurt
920,David Nelson,South Josemouth
921,Jeremy Young,South Susan
922,Christopher Jones,Connerhaven
923,Michelle Gray,West Raymondville
924,John Calhoun,East Adriantown
925,Joseph Phillips,Johnsonburgh
926,Bruce Vargas,Lake Amyport
927,Rebecca Walker,Port Anthonymouth
928,Renee Diaz,North James
929,Ryan Ellis,West William
930,Joshua Lopez,Victoriastad
931,John Garcia,Emilyburgh
932,Stephanie Brooks,Nancymouth
933,Angela Herrera,New Patricia
934,Holly Berry,North Samuelberg
935,Shawn Wood,Deborahfort
936,Deanna Robinson,Burnettchester
937,Larry Hughes,Daviston
938,Anne Richards,East Jasonview
939,David Mueller,East Laura
940,Cynthia Orr,Lindsaybury
941,Mary Allen,South Michael
942,Sarah Bowen,Denisebury
943,Megan Copeland,South Bobbyview
944,Michelle Vargas,Flemingport
945,Douglas Warren,North Katherineville
946,Rebecca Rodriguez,South Nicole
947,Nicole Jackson,Cheryltown
948,Matthew Terrell,North Kelseyville
949,Robert Long,Lake Beverly
950,Maurice Peters,South Alyssastad
951,Jimmy Reed,Ericland
952,Heather Henson,Williamsfort
953,Kevin Richardson,Port Julie
954,Antonio Wheeler,South Corey
955,Angela Black,Stevensburgh
956,Gina Lowe,North Stephanie
957,Matthew Brown,Port Dean
958,Elizabeth Nash,New Garystad
959,Kevin Allen,North Leon
960,Jason Drake,Port Angela
961,Kyle Guzman,Kevinmouth
962,Zachary Nguyen,West Jonathon
963,Joseph Porter,Kimberlyborough
964,Mr. Joseph Mullins,Roachshire
965,Lauren Fischer,North Jaredberg
966,Michael Day,New Yesenia
967,Walter Nash,New Andrea
968,Joe Clark,Lake Michael
969,Holly Hobbs,Taylorville
970,Sarah Walker,East Theresa
971,Susan Cisneros,Charleshaven
972,Peter Franklin,West Ryanborough
973,Timothy Dodson,West Amymouth
974,Carl Palmer,Barretttown
975,Anthony Harmon,South Thomas
976,Lisa Newman,West Colleen
977,Barbara Richard,South Eric
978,Jacob Garrett,Stephensonmouth
979,Brandon May DVM,New Shawn
980,Jordan Waters,Parkfurt
981,Jessica Clark,Kirbyborough
982,Linda Quinn,Lake Rebeccaberg
983,Brent Chen III,New James
984,Michael Christian,Amyton
985,Matthew Smith,South Patriciafurt
986,Kathleen Hensley,Grantberg
987,Wendy Fuller,Port Marthamouth
988,Deborah Abbott,East Denise
989,Maria David,Brownberg
990,Vanessa Fleming,Port Michealburgh
991,Mason Nielsen,Thompsonview
992,Randall Murray,Lake Michelleborough
993,Susan Atkinson,Vaughnport
994,Jacob Tucker,Hudsonborough
995,Kim Lane,Rollinsmouth
996,Amanda Reyes,New Timothyview
997,Randy Rogers,North Keithtown
998,Andrew Campbell,Port Peterchester
999,Shelby Horne,Shawnhaven
1000,Jasmine Lee,West Michaeltown
